Batch,Phase,Name,Time,Duration_Sec,Duration_Min
44168,0,Operating,2023-02-11 10:19:25,3560.0,00:59:20
44168,0,Operating,2023-02-11 20:49:30,300.0,00:05:00
44168,0,Operating,2023-02-12 04:28:05,190.0,00:03:10
44168,0,Operating,2023-02-12 07:41:10,140.0,00:02:20
44168,0,Operating,2023-02-12 15:19:00,640.0,00:10:40
44168,0,Operating,2023-02-12 19:51:25,115.0,00:01:55
44168,0,Operating,2023-02-12 23:15:40,110.0,00:01:50
44168,0,Operating,2023-02-13 03:05:20,110.0,00:01:50
44168,0,Operating,2023-02-13 06:09:20,110.0,00:01:50
44168,0,Operating,2023-02-13 13:30:15,24865.0,06:54:25
44168,0,Operating,2023-02-13 22:33:35,0.0,00:00:00
44168,0,Operating,2023-02-14 03:33:55,0.0,00:00:00
44168,1,Inicio,2023-02-11 08:16:15,10.0,00:00:10
44168,1,Inicio,2023-02-11 11:18:45,335.0,00:05:35
44168,1,Inicio,2023-02-11 20:54:30,115.0,00:01:55
44168,1,Inicio,2023-02-12 04:31:15,40.0,00:00:40
44168,1,Inicio,2023-02-12 07:43:30,115.0,00:01:55
44168,1,Inicio,2023-02-12 15:29:40,20.0,00:00:20
44168,1,Inicio,2023-02-12 19:53:20,120.0,00:02:00
44168,1,Inicio,2023-02-12 23:17:30,120.0,00:02:00
44168,1,Inicio,2023-02-13 03:07:10,120.0,00:02:00
44168,1,Inicio,2023-02-13 06:11:10,115.0,00:01:55
44168,1,Inicio,2023-02-13 20:24:40,410.0,00:06:50
44168,1,Inicio,2023-02-13 22:33:35,70.0,00:01:10
44168,1,Inicio,2023-02-14 03:33:55,10.0,00:00:10
44168,2,Medicion,2023-02-11 08:16:25,7370.0,02:02:50
44168,2,Medicion,2023-02-11 11:24:20,5925.0,01:38:45
44168,2,Medicion,2023-02-11 20:56:25,10165.0,02:49:25
44168,2,Medicion,2023-02-12 04:31:55,8010.0,02:13:30
44168,2,Medicion,2023-02-12 07:45:25,5785.0,01:36:25
44168,2,Medicion,2023-02-12 15:30:00,10265.0,02:51:05
44168,2,Medicion,2023-02-12 19:55:20,6560.0,01:49:20
44168,2,Medicion,2023-02-12 23:19:30,9290.0,02:34:50
44168,2,Medicion,2023-02-13 03:09:10,5755.0,01:35:55
44168,2,Medicion,2023-02-13 06:13:05,9365.0,02:36:05
44168,2,Medicion,2023-02-13 20:31:30,19245.0,05:20:45
44168,2,Medicion,2023-02-13 22:34:45,11850.0,03:17:30
44168,2,Medicion,2023-02-14 03:34:05,5350.0,01:29:10
44168,3,Recirculacion,2023-02-11 10:19:15,10.0,00:00:10
44168,3,Recirculacion,2023-02-11 13:03:05,27985.0,07:46:25
44168,3,Recirculacion,2023-02-11 23:45:50,16935.0,04:42:15
44168,3,Recirculacion,2023-02-12 06:45:25,3345.0,00:55:45
44168,3,Recirculacion,2023-02-12 09:21:50,21430.0,05:57:10
44168,3,Recirculacion,2023-02-12 18:21:05,5420.0,01:30:20
44168,3,Recirculacion,2023-02-12 21:44:40,5460.0,01:31:00
44168,3,Recirculacion,2023-02-13 01:54:20,4260.0,01:11:00
44168,3,Recirculacion,2023-02-13 04:45:05,5055.0,01:24:15
44168,3,Recirculacion,2023-02-13 08:49:10,16865.0,04:41:05
44168,3,Recirculacion,2023-02-14 01:52:15,6100.0,01:41:40
44168,3,Recirculacion,2023-02-14 05:03:15,3855.0,01:04:15
44168,4,Global,2023-02-11 10:19:25,7390.0,02:03:10
44168,4,Global,2023-02-11 20:49:30,34245.0,09:30:45
44168,4,Global,2023-02-12 04:28:05,27215.0,07:33:35
44168,4,Global,2023-02-12 07:41:10,11395.0,03:09:55
44168,4,Global,2023-02-12 15:19:00,27330.0,07:35:30
44168,4,Global,2023-02-12 19:51:25,15705.0,04:21:45
44168,4,Global,2023-02-12 23:15:40,12140.0,03:22:20
44168,4,Global,2023-02-13 03:05:20,13670.0,03:47:50
44168,4,Global,2023-02-13 06:09:20,10930.0,03:02:10
44168,4,Global,2023-02-13 13:30:15,26345.0,07:19:05
44168,4,Global,2023-02-13 22:33:35,7735.0,02:08:55
44168,4,Global,2023-02-14 03:33:55,18020.0,05:00:20
44168,4,Global,2023-02-14 06:07:30,9215.0,02:33:35
44169,0,Operating,2023-02-11 10:19:25,3560.0,00:59:20
44169,0,Operating,2023-02-11 20:49:30,300.0,00:05:00
44169,0,Operating,2023-02-12 04:28:05,190.0,00:03:10
44169,0,Operating,2023-02-12 07:41:10,140.0,00:02:20
44169,0,Operating,2023-02-12 15:19:00,640.0,00:10:40
44169,0,Operating,2023-02-12 19:51:25,115.0,00:01:55
44169,0,Operating,2023-02-12 23:15:40,110.0,00:01:50
44169,0,Operating,2023-02-13 03:05:20,110.0,00:01:50
44169,0,Operating,2023-02-13 06:09:20,110.0,00:01:50
44169,0,Operating,2023-02-13 13:30:15,24865.0,06:54:25
44169,0,Operating,2023-02-13 22:33:35,0.0,00:00:00
44169,0,Operating,2023-02-14 03:33:55,0.0,00:00:00
44169,1,Inicio,2023-02-11 08:16:15,10.0,00:00:10
44169,1,Inicio,2023-02-11 11:18:45,335.0,00:05:35
44169,1,Inicio,2023-02-11 20:54:30,115.0,00:01:55
44169,1,Inicio,2023-02-12 04:31:15,40.0,00:00:40
44169,1,Inicio,2023-02-12 07:43:30,115.0,00:01:55
44169,1,Inicio,2023-02-12 15:29:40,20.0,00:00:20
44169,1,Inicio,2023-02-12 19:53:20,120.0,00:02:00
44169,1,Inicio,2023-02-12 23:17:30,120.0,00:02:00
44169,1,Inicio,2023-02-13 03:07:10,120.0,00:02:00
44169,1,Inicio,2023-02-13 06:11:10,115.0,00:01:55
44169,1,Inicio,2023-02-13 20:24:40,410.0,00:06:50
44169,1,Inicio,2023-02-13 22:33:35,70.0,00:01:10
44169,1,Inicio,2023-02-14 03:33:55,10.0,00:00:10
44169,2,Medicion,2023-02-11 08:16:25,7370.0,02:02:50
44169,2,Medicion,2023-02-11 11:24:20,5925.0,01:38:45
44169,2,Medicion,2023-02-11 20:56:25,10165.0,02:49:25
44169,2,Medicion,2023-02-12 04:31:55,8010.0,02:13:30
44169,2,Medicion,2023-02-12 07:45:25,5785.0,01:36:25
44169,2,Medicion,2023-02-12 15:30:00,10265.0,02:51:05
44169,2,Medicion,2023-02-12 19:55:20,6560.0,01:49:20
44169,2,Medicion,2023-02-12 23:19:30,9290.0,02:34:50
44169,2,Medicion,2023-02-13 03:09:10,5755.0,01:35:55
44169,2,Medicion,2023-02-13 06:13:05,9365.0,02:36:05
44169,2,Medicion,2023-02-13 20:31:30,19245.0,05:20:45
44169,2,Medicion,2023-02-13 22:34:45,11850.0,03:17:30
44169,2,Medicion,2023-02-14 03:34:05,5350.0,01:29:10
44169,3,Recirculacion,2023-02-11 10:19:15,10.0,00:00:10
44169,3,Recirculacion,2023-02-11 13:03:05,27985.0,07:46:25
44169,3,Recirculacion,2023-02-11 23:45:50,16935.0,04:42:15
44169,3,Recirculacion,2023-02-12 06:45:25,3345.0,00:55:45
44169,3,Recirculacion,2023-02-12 09:21:50,21430.0,05:57:10
44169,3,Recirculacion,2023-02-12 18:21:05,5420.0,01:30:20
44169,3,Recirculacion,2023-02-12 21:44:40,5460.0,01:31:00
44169,3,Recirculacion,2023-02-13 01:54:20,4260.0,01:11:00
44169,3,Recirculacion,2023-02-13 04:45:05,5055.0,01:24:15
44169,3,Recirculacion,2023-02-13 08:49:10,16865.0,04:41:05
44169,3,Recirculacion,2023-02-14 01:52:15,6100.0,01:41:40
44169,3,Recirculacion,2023-02-14 05:03:15,3855.0,01:04:15
44169,4,Global,2023-02-11 10:19:25,7390.0,02:03:10
44169,4,Global,2023-02-11 20:49:30,34245.0,09:30:45
44169,4,Global,2023-02-12 04:28:05,27215.0,07:33:35
44169,4,Global,2023-02-12 07:41:10,11395.0,03:09:55
44169,4,Global,2023-02-12 15:19:00,27330.0,07:35:30
44169,4,Global,2023-02-12 19:51:25,15705.0,04:21:45
44169,4,Global,2023-02-12 23:15:40,12140.0,03:22:20
44169,4,Global,2023-02-13 03:05:20,13670.0,03:47:50
44169,4,Global,2023-02-13 06:09:20,10930.0,03:02:10
44169,4,Global,2023-02-13 13:30:15,26345.0,07:19:05
44169,4,Global,2023-02-13 22:33:35,7735.0,02:08:55
44169,4,Global,2023-02-14 03:33:55,18020.0,05:00:20
44169,4,Global,2023-02-14 06:07:30,9215.0,02:33:35
44176,0,Operating,2023-02-11 10:19:25,3560.0,00:59:20
44176,0,Operating,2023-02-11 20:49:30,300.0,00:05:00
44176,0,Operating,2023-02-12 04:28:05,190.0,00:03:10
44176,0,Operating,2023-02-12 07:41:10,140.0,00:02:20
44176,0,Operating,2023-02-12 15:19:00,640.0,00:10:40
44176,0,Operating,2023-02-12 19:51:25,115.0,00:01:55
44176,0,Operating,2023-02-12 23:15:40,110.0,00:01:50
44176,0,Operating,2023-02-13 03:05:20,110.0,00:01:50
44176,0,Operating,2023-02-13 06:09:20,110.0,00:01:50
44176,0,Operating,2023-02-13 13:30:15,24865.0,06:54:25
44176,0,Operating,2023-02-13 22:33:35,0.0,00:00:00
44176,0,Operating,2023-02-14 03:33:55,0.0,00:00:00
44176,1,Inicio,2023-02-11 08:16:15,10.0,00:00:10
44176,1,Inicio,2023-02-11 11:18:45,335.0,00:05:35
44176,1,Inicio,2023-02-11 20:54:30,115.0,00:01:55
44176,1,Inicio,2023-02-12 04:31:15,40.0,00:00:40
44176,1,Inicio,2023-02-12 07:43:30,115.0,00:01:55
44176,1,Inicio,2023-02-12 15:29:40,20.0,00:00:20
44176,1,Inicio,2023-02-12 19:53:20,120.0,00:02:00
44176,1,Inicio,2023-02-12 23:17:30,120.0,00:02:00
44176,1,Inicio,2023-02-13 03:07:10,120.0,00:02:00
44176,1,Inicio,2023-02-13 06:11:10,115.0,00:01:55
44176,1,Inicio,2023-02-13 20:24:40,410.0,00:06:50
44176,1,Inicio,2023-02-13 22:33:35,70.0,00:01:10
44176,1,Inicio,2023-02-14 03:33:55,10.0,00:00:10
44176,2,Medicion,2023-02-11 08:16:25,7370.0,02:02:50
44176,2,Medicion,2023-02-11 11:24:20,5925.0,01:38:45
44176,2,Medicion,2023-02-11 20:56:25,10165.0,02:49:25
44176,2,Medicion,2023-02-12 04:31:55,8010.0,02:13:30
44176,2,Medicion,2023-02-12 07:45:25,5785.0,01:36:25
44176,2,Medicion,2023-02-12 15:30:00,10265.0,02:51:05
44176,2,Medicion,2023-02-12 19:55:20,6560.0,01:49:20
44176,2,Medicion,2023-02-12 23:19:30,9290.0,02:34:50
44176,2,Medicion,2023-02-13 03:09:10,5755.0,01:35:55
44176,2,Medicion,2023-02-13 06:13:05,9365.0,02:36:05
44176,2,Medicion,2023-02-13 20:31:30,19245.0,05:20:45
44176,2,Medicion,2023-02-13 22:34:45,11850.0,03:17:30
44176,2,Medicion,2023-02-14 03:34:05,5350.0,01:29:10
44176,3,Recirculacion,2023-02-11 10:19:15,10.0,00:00:10
44176,3,Recirculacion,2023-02-11 13:03:05,27985.0,07:46:25
44176,3,Recirculacion,2023-02-11 23:45:50,16935.0,04:42:15
44176,3,Recirculacion,2023-02-12 06:45:25,3345.0,00:55:45
44176,3,Recirculacion,2023-02-12 09:21:50,21430.0,05:57:10
44176,3,Recirculacion,2023-02-12 18:21:05,5420.0,01:30:20
44176,3,Recirculacion,2023-02-12 21:44:40,5460.0,01:31:00
44176,3,Recirculacion,2023-02-13 01:54:20,4260.0,01:11:00
44176,3,Recirculacion,2023-02-13 04:45:05,5055.0,01:24:15
44176,3,Recirculacion,2023-02-13 08:49:10,16865.0,04:41:05
44176,3,Recirculacion,2023-02-14 01:52:15,6100.0,01:41:40
44176,3,Recirculacion,2023-02-14 05:03:15,3855.0,01:04:15
44176,4,Global,2023-02-11 10:19:25,7390.0,02:03:10
44176,4,Global,2023-02-11 20:49:30,34245.0,09:30:45
44176,4,Global,2023-02-12 04:28:05,27215.0,07:33:35
44176,4,Global,2023-02-12 07:41:10,11395.0,03:09:55
44176,4,Global,2023-02-12 15:19:00,27330.0,07:35:30
44176,4,Global,2023-02-12 19:51:25,15705.0,04:21:45
44176,4,Global,2023-02-12 23:15:40,12140.0,03:22:20
44176,4,Global,2023-02-13 03:05:20,13670.0,03:47:50
44176,4,Global,2023-02-13 06:09:20,10930.0,03:02:10
44176,4,Global,2023-02-13 13:30:15,26345.0,07:19:05
44176,4,Global,2023-02-13 22:33:35,7735.0,02:08:55
44176,4,Global,2023-02-14 03:33:55,18020.0,05:00:20
44176,4,Global,2023-02-14 06:07:30,9215.0,02:33:35
44199,0,Operating,2023-02-11 10:19:25,3560.0,00:59:20
44199,0,Operating,2023-02-11 20:49:30,300.0,00:05:00
44199,0,Operating,2023-02-12 04:28:05,190.0,00:03:10
44199,0,Operating,2023-02-12 07:41:10,140.0,00:02:20
44199,0,Operating,2023-02-12 15:19:00,640.0,00:10:40
44199,0,Operating,2023-02-12 19:51:25,115.0,00:01:55
44199,0,Operating,2023-02-12 23:15:40,110.0,00:01:50
44199,0,Operating,2023-02-13 03:05:20,110.0,00:01:50
44199,0,Operating,2023-02-13 06:09:20,110.0,00:01:50
44199,0,Operating,2023-02-13 13:30:15,24865.0,06:54:25
44199,0,Operating,2023-02-13 22:33:35,0.0,00:00:00
44199,0,Operating,2023-02-14 03:33:55,0.0,00:00:00
44199,1,Inicio,2023-02-11 08:16:15,10.0,00:00:10
44199,1,Inicio,2023-02-11 11:18:45,335.0,00:05:35
44199,1,Inicio,2023-02-11 20:54:30,115.0,00:01:55
44199,1,Inicio,2023-02-12 04:31:15,40.0,00:00:40
44199,1,Inicio,2023-02-12 07:43:30,115.0,00:01:55
44199,1,Inicio,2023-02-12 15:29:40,20.0,00:00:20
44199,1,Inicio,2023-02-12 19:53:20,120.0,00:02:00
44199,1,Inicio,2023-02-12 23:17:30,120.0,00:02:00
44199,1,Inicio,2023-02-13 03:07:10,120.0,00:02:00
44199,1,Inicio,2023-02-13 06:11:10,115.0,00:01:55
44199,1,Inicio,2023-02-13 20:24:40,410.0,00:06:50
44199,1,Inicio,2023-02-13 22:33:35,70.0,00:01:10
44199,1,Inicio,2023-02-14 03:33:55,10.0,00:00:10
44199,2,Medicion,2023-02-11 08:16:25,7370.0,02:02:50
44199,2,Medicion,2023-02-11 11:24:20,5925.0,01:38:45
44199,2,Medicion,2023-02-11 20:56:25,10165.0,02:49:25
44199,2,Medicion,2023-02-12 04:31:55,8010.0,02:13:30
44199,2,Medicion,2023-02-12 07:45:25,5785.0,01:36:25
44199,2,Medicion,2023-02-12 15:30:00,10265.0,02:51:05
44199,2,Medicion,2023-02-12 19:55:20,6560.0,01:49:20
44199,2,Medicion,2023-02-12 23:19:30,9290.0,02:34:50
44199,2,Medicion,2023-02-13 03:09:10,5755.0,01:35:55
44199,2,Medicion,2023-02-13 06:13:05,9365.0,02:36:05
44199,2,Medicion,2023-02-13 20:31:30,19245.0,05:20:45
44199,2,Medicion,2023-02-13 22:34:45,11850.0,03:17:30
44199,2,Medicion,2023-02-14 03:34:05,5350.0,01:29:10
44199,3,Recirculacion,2023-02-11 10:19:15,10.0,00:00:10
44199,3,Recirculacion,2023-02-11 13:03:05,27985.0,07:46:25
44199,3,Recirculacion,2023-02-11 23:45:50,16935.0,04:42:15
44199,3,Recirculacion,2023-02-12 06:45:25,3345.0,00:55:45
44199,3,Recirculacion,2023-02-12 09:21:50,21430.0,05:57:10
44199,3,Recirculacion,2023-02-12 18:21:05,5420.0,01:30:20
44199,3,Recirculacion,2023-02-12 21:44:40,5460.0,01:31:00
44199,3,Recirculacion,2023-02-13 01:54:20,4260.0,01:11:00
44199,3,Recirculacion,2023-02-13 04:45:05,5055.0,01:24:15
44199,3,Recirculacion,2023-02-13 08:49:10,16865.0,04:41:05
44199,3,Recirculacion,2023-02-14 01:52:15,6100.0,01:41:40
44199,3,Recirculacion,2023-02-14 05:03:15,3855.0,01:04:15
44199,4,Global,2023-02-11 10:19:25,7390.0,02:03:10
44199,4,Global,2023-02-11 20:49:30,34245.0,09:30:45
44199,4,Global,2023-02-12 04:28:05,27215.0,07:33:35
44199,4,Global,2023-02-12 07:41:10,11395.0,03:09:55
44199,4,Global,2023-02-12 15:19:00,27330.0,07:35:30
44199,4,Global,2023-02-12 19:51:25,15705.0,04:21:45
44199,4,Global,2023-02-12 23:15:40,12140.0,03:22:20
44199,4,Global,2023-02-13 03:05:20,13670.0,03:47:50
44199,4,Global,2023-02-13 06:09:20,10930.0,03:02:10
44199,4,Global,2023-02-13 13:30:15,26345.0,07:19:05
44199,4,Global,2023-02-13 22:33:35,7735.0,02:08:55
44199,4,Global,2023-02-14 03:33:55,18020.0,05:00:20
44199,4,Global,2023-02-14 06:07:30,9215.0,02:33:35
44221,0,Operating,2023-02-11 10:19:25,3560.0,00:59:20
44221,0,Operating,2023-02-11 20:49:30,300.0,00:05:00
44221,0,Operating,2023-02-12 04:28:05,190.0,00:03:10
44221,0,Operating,2023-02-12 07:41:10,140.0,00:02:20
44221,0,Operating,2023-02-12 15:19:00,640.0,00:10:40
44221,0,Operating,2023-02-12 19:51:25,115.0,00:01:55
44221,0,Operating,2023-02-12 23:15:40,110.0,00:01:50
44221,0,Operating,2023-02-13 03:05:20,110.0,00:01:50
44221,0,Operating,2023-02-13 06:09:20,110.0,00:01:50
44221,0,Operating,2023-02-13 13:30:15,24865.0,06:54:25
44221,0,Operating,2023-02-13 22:33:35,0.0,00:00:00
44221,0,Operating,2023-02-14 03:33:55,0.0,00:00:00
44221,1,Inicio,2023-02-11 08:16:15,10.0,00:00:10
44221,1,Inicio,2023-02-11 11:18:45,335.0,00:05:35
44221,1,Inicio,2023-02-11 20:54:30,115.0,00:01:55
44221,1,Inicio,2023-02-12 04:31:15,40.0,00:00:40
44221,1,Inicio,2023-02-12 07:43:30,115.0,00:01:55
44221,1,Inicio,2023-02-12 15:29:40,20.0,00:00:20
44221,1,Inicio,2023-02-12 19:53:20,120.0,00:02:00
44221,1,Inicio,2023-02-12 23:17:30,120.0,00:02:00
44221,1,Inicio,2023-02-13 03:07:10,120.0,00:02:00
44221,1,Inicio,2023-02-13 06:11:10,115.0,00:01:55
44221,1,Inicio,2023-02-13 20:24:40,410.0,00:06:50
44221,1,Inicio,2023-02-13 22:33:35,70.0,00:01:10
44221,1,Inicio,2023-02-14 03:33:55,10.0,00:00:10
44221,2,Medicion,2023-02-11 08:16:25,7370.0,02:02:50
44221,2,Medicion,2023-02-11 11:24:20,5925.0,01:38:45
44221,2,Medicion,2023-02-11 20:56:25,10165.0,02:49:25
44221,2,Medicion,2023-02-12 04:31:55,8010.0,02:13:30
44221,2,Medicion,2023-02-12 07:45:25,5785.0,01:36:25
44221,2,Medicion,2023-02-12 15:30:00,10265.0,02:51:05
44221,2,Medicion,2023-02-12 19:55:20,6560.0,01:49:20
44221,2,Medicion,2023-02-12 23:19:30,9290.0,02:34:50
44221,2,Medicion,2023-02-13 03:09:10,5755.0,01:35:55
44221,2,Medicion,2023-02-13 06:13:05,9365.0,02:36:05
44221,2,Medicion,2023-02-13 20:31:30,19245.0,05:20:45
44221,2,Medicion,2023-02-13 22:34:45,11850.0,03:17:30
44221,2,Medicion,2023-02-14 03:34:05,5350.0,01:29:10
44221,3,Recirculacion,2023-02-11 10:19:15,10.0,00:00:10
44221,3,Recirculacion,2023-02-11 13:03:05,27985.0,07:46:25
44221,3,Recirculacion,2023-02-11 23:45:50,16935.0,04:42:15
44221,3,Recirculacion,2023-02-12 06:45:25,3345.0,00:55:45
44221,3,Recirculacion,2023-02-12 09:21:50,21430.0,05:57:10
44221,3,Recirculacion,2023-02-12 18:21:05,5420.0,01:30:20
44221,3,Recirculacion,2023-02-12 21:44:40,5460.0,01:31:00
44221,3,Recirculacion,2023-02-13 01:54:20,4260.0,01:11:00
44221,3,Recirculacion,2023-02-13 04:45:05,5055.0,01:24:15
44221,3,Recirculacion,2023-02-13 08:49:10,16865.0,04:41:05
44221,3,Recirculacion,2023-02-14 01:52:15,6100.0,01:41:40
44221,3,Recirculacion,2023-02-14 05:03:15,3855.0,01:04:15
44221,4,Global,2023-02-11 10:19:25,7390.0,02:03:10
44221,4,Global,2023-02-11 20:49:30,34245.0,09:30:45
44221,4,Global,2023-02-12 04:28:05,27215.0,07:33:35
44221,4,Global,2023-02-12 07:41:10,11395.0,03:09:55
44221,4,Global,2023-02-12 15:19:00,27330.0,07:35:30
44221,4,Global,2023-02-12 19:51:25,15705.0,04:21:45
44221,4,Global,2023-02-12 23:15:40,12140.0,03:22:20
44221,4,Global,2023-02-13 03:05:20,13670.0,03:47:50
44221,4,Global,2023-02-13 06:09:20,10930.0,03:02:10
44221,4,Global,2023-02-13 13:30:15,26345.0,07:19:05
44221,4,Global,2023-02-13 22:33:35,7735.0,02:08:55
44221,4,Global,2023-02-14 03:33:55,18020.0,05:00:20
44221,4,Global,2023-02-14 06:07:30,9215.0,02:33:35
44226,0,Operating,2023-02-11 10:19:25,3560.0,00:59:20
44226,0,Operating,2023-02-11 20:49:30,300.0,00:05:00
44226,0,Operating,2023-02-12 04:28:05,190.0,00:03:10
44226,0,Operating,2023-02-12 07:41:10,140.0,00:02:20
44226,0,Operating,2023-02-12 15:19:00,640.0,00:10:40
44226,0,Operating,2023-02-12 19:51:25,115.0,00:01:55
44226,0,Operating,2023-02-12 23:15:40,110.0,00:01:50
44226,0,Operating,2023-02-13 03:05:20,110.0,00:01:50
44226,0,Operating,2023-02-13 06:09:20,110.0,00:01:50
44226,0,Operating,2023-02-13 13:30:15,24865.0,06:54:25
44226,0,Operating,2023-02-13 22:33:35,0.0,00:00:00
44226,0,Operating,2023-02-14 03:33:55,0.0,00:00:00
44226,1,Inicio,2023-02-11 08:16:15,10.0,00:00:10
44226,1,Inicio,2023-02-11 11:18:45,335.0,00:05:35
44226,1,Inicio,2023-02-11 20:54:30,115.0,00:01:55
44226,1,Inicio,2023-02-12 04:31:15,40.0,00:00:40
44226,1,Inicio,2023-02-12 07:43:30,115.0,00:01:55
44226,1,Inicio,2023-02-12 15:29:40,20.0,00:00:20
44226,1,Inicio,2023-02-12 19:53:20,120.0,00:02:00
44226,1,Inicio,2023-02-12 23:17:30,120.0,00:02:00
44226,1,Inicio,2023-02-13 03:07:10,120.0,00:02:00
44226,1,Inicio,2023-02-13 06:11:10,115.0,00:01:55
44226,1,Inicio,2023-02-13 20:24:40,410.0,00:06:50
44226,1,Inicio,2023-02-13 22:33:35,70.0,00:01:10
44226,1,Inicio,2023-02-14 03:33:55,10.0,00:00:10
44226,2,Medicion,2023-02-11 08:16:25,7370.0,02:02:50
44226,2,Medicion,2023-02-11 11:24:20,5925.0,01:38:45
44226,2,Medicion,2023-02-11 20:56:25,10165.0,02:49:25
44226,2,Medicion,2023-02-12 04:31:55,8010.0,02:13:30
44226,2,Medicion,2023-02-12 07:45:25,5785.0,01:36:25
44226,2,Medicion,2023-02-12 15:30:00,10265.0,02:51:05
44226,2,Medicion,2023-02-12 19:55:20,6560.0,01:49:20
44226,2,Medicion,2023-02-12 23:19:30,9290.0,02:34:50
44226,2,Medicion,2023-02-13 03:09:10,5755.0,01:35:55
44226,2,Medicion,2023-02-13 06:13:05,9365.0,02:36:05
44226,2,Medicion,2023-02-13 20:31:30,19245.0,05:20:45
44226,2,Medicion,2023-02-13 22:34:45,11850.0,03:17:30
44226,2,Medicion,2023-02-14 03:34:05,5350.0,01:29:10
44226,3,Recirculacion,2023-02-11 10:19:15,10.0,00:00:10
44226,3,Recirculacion,2023-02-11 13:03:05,27985.0,07:46:25
44226,3,Recirculacion,2023-02-11 23:45:50,16935.0,04:42:15
44226,3,Recirculacion,2023-02-12 06:45:25,3345.0,00:55:45
44226,3,Recirculacion,2023-02-12 09:21:50,21430.0,05:57:10
44226,3,Recirculacion,2023-02-12 18:21:05,5420.0,01:30:20
44226,3,Recirculacion,2023-02-12 21:44:40,5460.0,01:31:00
44226,3,Recirculacion,2023-02-13 01:54:20,4260.0,01:11:00
44226,3,Recirculacion,2023-02-13 04:45:05,5055.0,01:24:15
44226,3,Recirculacion,2023-02-13 08:49:10,16865.0,04:41:05
44226,3,Recirculacion,2023-02-14 01:52:15,6100.0,01:41:40
44226,3,Recirculacion,2023-02-14 05:03:15,3855.0,01:04:15
44226,4,Global,2023-02-11 10:19:25,7390.0,02:03:10
44226,4,Global,2023-02-11 20:49:30,34245.0,09:30:45
44226,4,Global,2023-02-12 04:28:05,27215.0,07:33:35
44226,4,Global,2023-02-12 07:41:10,11395.0,03:09:55
44226,4,Global,2023-02-12 15:19:00,27330.0,07:35:30
44226,4,Global,2023-02-12 19:51:25,15705.0,04:21:45
44226,4,Global,2023-02-12 23:15:40,12140.0,03:22:20
44226,4,Global,2023-02-13 03:05:20,13670.0,03:47:50
44226,4,Global,2023-02-13 06:09:20,10930.0,03:02:10
44226,4,Global,2023-02-13 13:30:15,26345.0,07:19:05
44226,4,Global,2023-02-13 22:33:35,7735.0,02:08:55
44226,4,Global,2023-02-14 03:33:55,18020.0,05:00:20
44226,4,Global,2023-02-14 06:07:30,9215.0,02:33:35
44245,0,Operating,2023-02-11 10:19:25,3560.0,00:59:20
44245,0,Operating,2023-02-11 20:49:30,300.0,00:05:00
44245,0,Operating,2023-02-12 04:28:05,190.0,00:03:10
44245,0,Operating,2023-02-12 07:41:10,140.0,00:02:20
44245,0,Operating,2023-02-12 15:19:00,640.0,00:10:40
44245,0,Operating,2023-02-12 19:51:25,115.0,00:01:55
44245,0,Operating,2023-02-12 23:15:40,110.0,00:01:50
44245,0,Operating,2023-02-13 03:05:20,110.0,00:01:50
44245,0,Operating,2023-02-13 06:09:20,110.0,00:01:50
44245,0,Operating,2023-02-13 13:30:15,24865.0,06:54:25
44245,0,Operating,2023-02-13 22:33:35,0.0,00:00:00
44245,0,Operating,2023-02-14 03:33:55,0.0,00:00:00
44245,1,Inicio,2023-02-11 08:16:15,10.0,00:00:10
44245,1,Inicio,2023-02-11 11:18:45,335.0,00:05:35
44245,1,Inicio,2023-02-11 20:54:30,115.0,00:01:55
44245,1,Inicio,2023-02-12 04:31:15,40.0,00:00:40
44245,1,Inicio,2023-02-12 07:43:30,115.0,00:01:55
44245,1,Inicio,2023-02-12 15:29:40,20.0,00:00:20
44245,1,Inicio,2023-02-12 19:53:20,120.0,00:02:00
44245,1,Inicio,2023-02-12 23:17:30,120.0,00:02:00
44245,1,Inicio,2023-02-13 03:07:10,120.0,00:02:00
44245,1,Inicio,2023-02-13 06:11:10,115.0,00:01:55
44245,1,Inicio,2023-02-13 20:24:40,410.0,00:06:50
44245,1,Inicio,2023-02-13 22:33:35,70.0,00:01:10
44245,1,Inicio,2023-02-14 03:33:55,10.0,00:00:10
44245,2,Medicion,2023-02-11 08:16:25,7370.0,02:02:50
44245,2,Medicion,2023-02-11 11:24:20,5925.0,01:38:45
44245,2,Medicion,2023-02-11 20:56:25,10165.0,02:49:25
44245,2,Medicion,2023-02-12 04:31:55,8010.0,02:13:30
44245,2,Medicion,2023-02-12 07:45:25,5785.0,01:36:25
44245,2,Medicion,2023-02-12 15:30:00,10265.0,02:51:05
44245,2,Medicion,2023-02-12 19:55:20,6560.0,01:49:20
44245,2,Medicion,2023-02-12 23:19:30,9290.0,02:34:50
44245,2,Medicion,2023-02-13 03:09:10,5755.0,01:35:55
44245,2,Medicion,2023-02-13 06:13:05,9365.0,02:36:05
44245,2,Medicion,2023-02-13 20:31:30,19245.0,05:20:45
44245,2,Medicion,2023-02-13 22:34:45,11850.0,03:17:30
44245,2,Medicion,2023-02-14 03:34:05,5350.0,01:29:10
44245,3,Recirculacion,2023-02-11 10:19:15,10.0,00:00:10
44245,3,Recirculacion,2023-02-11 13:03:05,27985.0,07:46:25
44245,3,Recirculacion,2023-02-11 23:45:50,16935.0,04:42:15
44245,3,Recirculacion,2023-02-12 06:45:25,3345.0,00:55:45
44245,3,Recirculacion,2023-02-12 09:21:50,21430.0,05:57:10
44245,3,Recirculacion,2023-02-12 18:21:05,5420.0,01:30:20
44245,3,Recirculacion,2023-02-12 21:44:40,5460.0,01:31:00
44245,3,Recirculacion,2023-02-13 01:54:20,4260.0,01:11:00
44245,3,Recirculacion,2023-02-13 04:45:05,5055.0,01:24:15
44245,3,Recirculacion,2023-02-13 08:49:10,16865.0,04:41:05
44245,3,Recirculacion,2023-02-14 01:52:15,6100.0,01:41:40
44245,3,Recirculacion,2023-02-14 05:03:15,3855.0,01:04:15
44245,4,Global,2023-02-11 10:19:25,7390.0,02:03:10
44245,4,Global,2023-02-11 20:49:30,34245.0,09:30:45
44245,4,Global,2023-02-12 04:28:05,27215.0,07:33:35
44245,4,Global,2023-02-12 07:41:10,11395.0,03:09:55
44245,4,Global,2023-02-12 15:19:00,27330.0,07:35:30
44245,4,Global,2023-02-12 19:51:25,15705.0,04:21:45
44245,4,Global,2023-02-12 23:15:40,12140.0,03:22:20
44245,4,Global,2023-02-13 03:05:20,13670.0,03:47:50
44245,4,Global,2023-02-13 06:09:20,10930.0,03:02:10
44245,4,Global,2023-02-13 13:30:15,26345.0,07:19:05
44245,4,Global,2023-02-13 22:33:35,7735.0,02:08:55
44245,4,Global,2023-02-14 03:33:55,18020.0,05:00:20
44245,4,Global,2023-02-14 06:07:30,9215.0,02:33:35
44247,0,Operating,2023-02-11 10:19:25,3560.0,00:59:20
44247,0,Operating,2023-02-11 20:49:30,300.0,00:05:00
44247,0,Operating,2023-02-12 04:28:05,190.0,00:03:10
44247,0,Operating,2023-02-12 07:41:10,140.0,00:02:20
44247,0,Operating,2023-02-12 15:19:00,640.0,00:10:40
44247,0,Operating,2023-02-12 19:51:25,115.0,00:01:55
44247,0,Operating,2023-02-12 23:15:40,110.0,00:01:50
44247,0,Operating,2023-02-13 03:05:20,110.0,00:01:50
44247,0,Operating,2023-02-13 06:09:20,110.0,00:01:50
44247,0,Operating,2023-02-13 13:30:15,24865.0,06:54:25
44247,0,Operating,2023-02-13 22:33:35,0.0,00:00:00
44247,0,Operating,2023-02-14 03:33:55,0.0,00:00:00
44247,1,Inicio,2023-02-11 08:16:15,10.0,00:00:10
44247,1,Inicio,2023-02-11 11:18:45,335.0,00:05:35
44247,1,Inicio,2023-02-11 20:54:30,115.0,00:01:55
44247,1,Inicio,2023-02-12 04:31:15,40.0,00:00:40
44247,1,Inicio,2023-02-12 07:43:30,115.0,00:01:55
44247,1,Inicio,2023-02-12 15:29:40,20.0,00:00:20
44247,1,Inicio,2023-02-12 19:53:20,120.0,00:02:00
44247,1,Inicio,2023-02-12 23:17:30,120.0,00:02:00
44247,1,Inicio,2023-02-13 03:07:10,120.0,00:02:00
44247,1,Inicio,2023-02-13 06:11:10,115.0,00:01:55
44247,1,Inicio,2023-02-13 20:24:40,410.0,00:06:50
44247,1,Inicio,2023-02-13 22:33:35,70.0,00:01:10
44247,1,Inicio,2023-02-14 03:33:55,10.0,00:00:10
44247,2,Medicion,2023-02-11 08:16:25,7370.0,02:02:50
44247,2,Medicion,2023-02-11 11:24:20,5925.0,01:38:45
44247,2,Medicion,2023-02-11 20:56:25,10165.0,02:49:25
44247,2,Medicion,2023-02-12 04:31:55,8010.0,02:13:30
44247,2,Medicion,2023-02-12 07:45:25,5785.0,01:36:25
44247,2,Medicion,2023-02-12 15:30:00,10265.0,02:51:05
44247,2,Medicion,2023-02-12 19:55:20,6560.0,01:49:20
44247,2,Medicion,2023-02-12 23:19:30,9290.0,02:34:50
44247,2,Medicion,2023-02-13 03:09:10,5755.0,01:35:55
44247,2,Medicion,2023-02-13 06:13:05,9365.0,02:36:05
44247,2,Medicion,2023-02-13 20:31:30,19245.0,05:20:45
44247,2,Medicion,2023-02-13 22:34:45,11850.0,03:17:30
44247,2,Medicion,2023-02-14 03:34:05,5350.0,01:29:10
44247,3,Recirculacion,2023-02-11 10:19:15,10.0,00:00:10
44247,3,Recirculacion,2023-02-11 13:03:05,27985.0,07:46:25
44247,3,Recirculacion,2023-02-11 23:45:50,16935.0,04:42:15
44247,3,Recirculacion,2023-02-12 06:45:25,3345.0,00:55:45
44247,3,Recirculacion,2023-02-12 09:21:50,21430.0,05:57:10
44247,3,Recirculacion,2023-02-12 18:21:05,5420.0,01:30:20
44247,3,Recirculacion,2023-02-12 21:44:40,5460.0,01:31:00
44247,3,Recirculacion,2023-02-13 01:54:20,4260.0,01:11:00
44247,3,Recirculacion,2023-02-13 04:45:05,5055.0,01:24:15
44247,3,Recirculacion,2023-02-13 08:49:10,16865.0,04:41:05
44247,3,Recirculacion,2023-02-14 01:52:15,6100.0,01:41:40
44247,3,Recirculacion,2023-02-14 05:03:15,3855.0,01:04:15
44247,4,Global,2023-02-11 10:19:25,7390.0,02:03:10
44247,4,Global,2023-02-11 20:49:30,34245.0,09:30:45
44247,4,Global,2023-02-12 04:28:05,27215.0,07:33:35
44247,4,Global,2023-02-12 07:41:10,11395.0,03:09:55
44247,4,Global,2023-02-12 15:19:00,27330.0,07:35:30
44247,4,Global,2023-02-12 19:51:25,15705.0,04:21:45
44247,4,Global,2023-02-12 23:15:40,12140.0,03:22:20
44247,4,Global,2023-02-13 03:05:20,13670.0,03:47:50
44247,4,Global,2023-02-13 06:09:20,10930.0,03:02:10
44247,4,Global,2023-02-13 13:30:15,26345.0,07:19:05
44247,4,Global,2023-02-13 22:33:35,7735.0,02:08:55
44247,4,Global,2023-02-14 03:33:55,18020.0,05:00:20
44247,4,Global,2023-02-14 06:07:30,9215.0,02:33:35
44258,0,Operating,2023-02-11 10:19:25,3560.0,00:59:20
44258,0,Operating,2023-02-11 20:49:30,300.0,00:05:00
44258,0,Operating,2023-02-12 04:28:05,190.0,00:03:10
44258,0,Operating,2023-02-12 07:41:10,140.0,00:02:20
44258,0,Operating,2023-02-12 15:19:00,640.0,00:10:40
44258,0,Operating,2023-02-12 19:51:25,115.0,00:01:55
44258,0,Operating,2023-02-12 23:15:40,110.0,00:01:50
44258,0,Operating,2023-02-13 03:05:20,110.0,00:01:50
44258,0,Operating,2023-02-13 06:09:20,110.0,00:01:50
44258,0,Operating,2023-02-13 13:30:15,24865.0,06:54:25
44258,0,Operating,2023-02-13 22:33:35,0.0,00:00:00
44258,0,Operating,2023-02-14 03:33:55,0.0,00:00:00
44258,1,Inicio,2023-02-11 08:16:15,10.0,00:00:10
44258,1,Inicio,2023-02-11 11:18:45,335.0,00:05:35
44258,1,Inicio,2023-02-11 20:54:30,115.0,00:01:55
44258,1,Inicio,2023-02-12 04:31:15,40.0,00:00:40
44258,1,Inicio,2023-02-12 07:43:30,115.0,00:01:55
44258,1,Inicio,2023-02-12 15:29:40,20.0,00:00:20
44258,1,Inicio,2023-02-12 19:53:20,120.0,00:02:00
44258,1,Inicio,2023-02-12 23:17:30,120.0,00:02:00
44258,1,Inicio,2023-02-13 03:07:10,120.0,00:02:00
44258,1,Inicio,2023-02-13 06:11:10,115.0,00:01:55
44258,1,Inicio,2023-02-13 20:24:40,410.0,00:06:50
44258,1,Inicio,2023-02-13 22:33:35,70.0,00:01:10
44258,1,Inicio,2023-02-14 03:33:55,10.0,00:00:10
44258,2,Medicion,2023-02-11 08:16:25,7370.0,02:02:50
44258,2,Medicion,2023-02-11 11:24:20,5925.0,01:38:45
44258,2,Medicion,2023-02-11 20:56:25,10165.0,02:49:25
44258,2,Medicion,2023-02-12 04:31:55,8010.0,02:13:30
44258,2,Medicion,2023-02-12 07:45:25,5785.0,01:36:25
44258,2,Medicion,2023-02-12 15:30:00,10265.0,02:51:05
44258,2,Medicion,2023-02-12 19:55:20,6560.0,01:49:20
44258,2,Medicion,2023-02-12 23:19:30,9290.0,02:34:50
44258,2,Medicion,2023-02-13 03:09:10,5755.0,01:35:55
44258,2,Medicion,2023-02-13 06:13:05,9365.0,02:36:05
44258,2,Medicion,2023-02-13 20:31:30,19245.0,05:20:45
44258,2,Medicion,2023-02-13 22:34:45,11850.0,03:17:30
44258,2,Medicion,2023-02-14 03:34:05,5350.0,01:29:10
44258,3,Recirculacion,2023-02-11 10:19:15,10.0,00:00:10
44258,3,Recirculacion,2023-02-11 13:03:05,27985.0,07:46:25
44258,3,Recirculacion,2023-02-11 23:45:50,16935.0,04:42:15
44258,3,Recirculacion,2023-02-12 06:45:25,3345.0,00:55:45
44258,3,Recirculacion,2023-02-12 09:21:50,21430.0,05:57:10
44258,3,Recirculacion,2023-02-12 18:21:05,5420.0,01:30:20
44258,3,Recirculacion,2023-02-12 21:44:40,5460.0,01:31:00
44258,3,Recirculacion,2023-02-13 01:54:20,4260.0,01:11:00
44258,3,Recirculacion,2023-02-13 04:45:05,5055.0,01:24:15
44258,3,Recirculacion,2023-02-13 08:49:10,16865.0,04:41:05
44258,3,Recirculacion,2023-02-14 01:52:15,6100.0,01:41:40
44258,3,Recirculacion,2023-02-14 05:03:15,3855.0,01:04:15
44258,4,Global,2023-02-11 10:19:25,7390.0,02:03:10
44258,4,Global,2023-02-11 20:49:30,34245.0,09:30:45
44258,4,Global,2023-02-12 04:28:05,27215.0,07:33:35
44258,4,Global,2023-02-12 07:41:10,11395.0,03:09:55
44258,4,Global,2023-02-12 15:19:00,27330.0,07:35:30
44258,4,Global,2023-02-12 19:51:25,15705.0,04:21:45
44258,4,Global,2023-02-12 23:15:40,12140.0,03:22:20
44258,4,Global,2023-02-13 03:05:20,13670.0,03:47:50
44258,4,Global,2023-02-13 06:09:20,10930.0,03:02:10
44258,4,Global,2023-02-13 13:30:15,26345.0,07:19:05
44258,4,Global,2023-02-13 22:33:35,7735.0,02:08:55
44258,4,Global,2023-02-14 03:33:55,18020.0,05:00:20
44258,4,Global,2023-02-14 06:07:30,9215.0,02:33:35
44259,0,Operating,2023-02-11 10:19:25,3560.0,00:59:20
44259,0,Operating,2023-02-11 20:49:30,300.0,00:05:00
44259,0,Operating,2023-02-12 04:28:05,190.0,00:03:10
44259,0,Operating,2023-02-12 07:41:10,140.0,00:02:20
44259,0,Operating,2023-02-12 15:19:00,640.0,00:10:40
44259,0,Operating,2023-02-12 19:51:25,115.0,00:01:55
44259,0,Operating,2023-02-12 23:15:40,110.0,00:01:50
44259,0,Operating,2023-02-13 03:05:20,110.0,00:01:50
44259,0,Operating,2023-02-13 06:09:20,110.0,00:01:50
44259,0,Operating,2023-02-13 13:30:15,24865.0,06:54:25
44259,0,Operating,2023-02-13 22:33:35,0.0,00:00:00
44259,0,Operating,2023-02-14 03:33:55,0.0,00:00:00
44259,1,Inicio,2023-02-11 08:16:15,10.0,00:00:10
44259,1,Inicio,2023-02-11 11:18:45,335.0,00:05:35
44259,1,Inicio,2023-02-11 20:54:30,115.0,00:01:55
44259,1,Inicio,2023-02-12 04:31:15,40.0,00:00:40
44259,1,Inicio,2023-02-12 07:43:30,115.0,00:01:55
44259,1,Inicio,2023-02-12 15:29:40,20.0,00:00:20
44259,1,Inicio,2023-02-12 19:53:20,120.0,00:02:00
44259,1,Inicio,2023-02-12 23:17:30,120.0,00:02:00
44259,1,Inicio,2023-02-13 03:07:10,120.0,00:02:00
44259,1,Inicio,2023-02-13 06:11:10,115.0,00:01:55
44259,1,Inicio,2023-02-13 20:24:40,410.0,00:06:50
44259,1,Inicio,2023-02-13 22:33:35,70.0,00:01:10
44259,1,Inicio,2023-02-14 03:33:55,10.0,00:00:10
44259,2,Medicion,2023-02-11 08:16:25,7370.0,02:02:50
44259,2,Medicion,2023-02-11 11:24:20,5925.0,01:38:45
44259,2,Medicion,2023-02-11 20:56:25,10165.0,02:49:25
44259,2,Medicion,2023-02-12 04:31:55,8010.0,02:13:30
44259,2,Medicion,2023-02-12 07:45:25,5785.0,01:36:25
44259,2,Medicion,2023-02-12 15:30:00,10265.0,02:51:05
44259,2,Medicion,2023-02-12 19:55:20,6560.0,01:49:20
44259,2,Medicion,2023-02-12 23:19:30,9290.0,02:34:50
44259,2,Medicion,2023-02-13 03:09:10,5755.0,01:35:55
44259,2,Medicion,2023-02-13 06:13:05,9365.0,02:36:05
44259,2,Medicion,2023-02-13 20:31:30,19245.0,05:20:45
44259,2,Medicion,2023-02-13 22:34:45,11850.0,03:17:30
44259,2,Medicion,2023-02-14 03:34:05,5350.0,01:29:10
44259,3,Recirculacion,2023-02-11 10:19:15,10.0,00:00:10
44259,3,Recirculacion,2023-02-11 13:03:05,27985.0,07:46:25
44259,3,Recirculacion,2023-02-11 23:45:50,16935.0,04:42:15
44259,3,Recirculacion,2023-02-12 06:45:25,3345.0,00:55:45
44259,3,Recirculacion,2023-02-12 09:21:50,21430.0,05:57:10
44259,3,Recirculacion,2023-02-12 18:21:05,5420.0,01:30:20
44259,3,Recirculacion,2023-02-12 21:44:40,5460.0,01:31:00
44259,3,Recirculacion,2023-02-13 01:54:20,4260.0,01:11:00
44259,3,Recirculacion,2023-02-13 04:45:05,5055.0,01:24:15
44259,3,Recirculacion,2023-02-13 08:49:10,16865.0,04:41:05
44259,3,Recirculacion,2023-02-14 01:52:15,6100.0,01:41:40
44259,3,Recirculacion,2023-02-14 05:03:15,3855.0,01:04:15
44259,4,Global,2023-02-11 10:19:25,7390.0,02:03:10
44259,4,Global,2023-02-11 20:49:30,34245.0,09:30:45
44259,4,Global,2023-02-12 04:28:05,27215.0,07:33:35
44259,4,Global,2023-02-12 07:41:10,11395.0,03:09:55
44259,4,Global,2023-02-12 15:19:00,27330.0,07:35:30
44259,4,Global,2023-02-12 19:51:25,15705.0,04:21:45
44259,4,Global,2023-02-12 23:15:40,12140.0,03:22:20
44259,4,Global,2023-02-13 03:05:20,13670.0,03:47:50
44259,4,Global,2023-02-13 06:09:20,10930.0,03:02:10
44259,4,Global,2023-02-13 13:30:15,26345.0,07:19:05
44259,4,Global,2023-02-13 22:33:35,7735.0,02:08:55
44259,4,Global,2023-02-14 03:33:55,18020.0,05:00:20
44259,4,Global,2023-02-14 06:07:30,9215.0,02:33:35
44268,0,Operating,2023-02-11 10:19:25,3560.0,00:59:20
44268,0,Operating,2023-02-11 20:49:30,300.0,00:05:00
44268,0,Operating,2023-02-12 04:28:05,190.0,00:03:10
44268,0,Operating,2023-02-12 07:41:10,140.0,00:02:20
44268,0,Operating,2023-02-12 15:19:00,640.0,00:10:40
44268,0,Operating,2023-02-12 19:51:25,115.0,00:01:55
44268,0,Operating,2023-02-12 23:15:40,110.0,00:01:50
44268,0,Operating,2023-02-13 03:05:20,110.0,00:01:50
44268,0,Operating,2023-02-13 06:09:20,110.0,00:01:50
44268,0,Operating,2023-02-13 13:30:15,24865.0,06:54:25
44268,0,Operating,2023-02-13 22:33:35,0.0,00:00:00
44268,0,Operating,2023-02-14 03:33:55,0.0,00:00:00
44268,1,Inicio,2023-02-11 08:16:15,10.0,00:00:10
44268,1,Inicio,2023-02-11 11:18:45,335.0,00:05:35
44268,1,Inicio,2023-02-11 20:54:30,115.0,00:01:55
44268,1,Inicio,2023-02-12 04:31:15,40.0,00:00:40
44268,1,Inicio,2023-02-12 07:43:30,115.0,00:01:55
44268,1,Inicio,2023-02-12 15:29:40,20.0,00:00:20
44268,1,Inicio,2023-02-12 19:53:20,120.0,00:02:00
44268,1,Inicio,2023-02-12 23:17:30,120.0,00:02:00
44268,1,Inicio,2023-02-13 03:07:10,120.0,00:02:00
44268,1,Inicio,2023-02-13 06:11:10,115.0,00:01:55
44268,1,Inicio,2023-02-13 20:24:40,410.0,00:06:50
44268,1,Inicio,2023-02-13 22:33:35,70.0,00:01:10
44268,1,Inicio,2023-02-14 03:33:55,10.0,00:00:10
44268,2,Medicion,2023-02-11 08:16:25,7370.0,02:02:50
44268,2,Medicion,2023-02-11 11:24:20,5925.0,01:38:45
44268,2,Medicion,2023-02-11 20:56:25,10165.0,02:49:25
44268,2,Medicion,2023-02-12 04:31:55,8010.0,02:13:30
44268,2,Medicion,2023-02-12 07:45:25,5785.0,01:36:25
44268,2,Medicion,2023-02-12 15:30:00,10265.0,02:51:05
44268,2,Medicion,2023-02-12 19:55:20,6560.0,01:49:20
44268,2,Medicion,2023-02-12 23:19:30,9290.0,02:34:50
44268,2,Medicion,2023-02-13 03:09:10,5755.0,01:35:55
44268,2,Medicion,2023-02-13 06:13:05,9365.0,02:36:05
44268,2,Medicion,2023-02-13 20:31:30,19245.0,05:20:45
44268,2,Medicion,2023-02-13 22:34:45,11850.0,03:17:30
44268,2,Medicion,2023-02-14 03:34:05,5350.0,01:29:10
44268,3,Recirculacion,2023-02-11 10:19:15,10.0,00:00:10
44268,3,Recirculacion,2023-02-11 13:03:05,27985.0,07:46:25
44268,3,Recirculacion,2023-02-11 23:45:50,16935.0,04:42:15
44268,3,Recirculacion,2023-02-12 06:45:25,3345.0,00:55:45
44268,3,Recirculacion,2023-02-12 09:21:50,21430.0,05:57:10
44268,3,Recirculacion,2023-02-12 18:21:05,5420.0,01:30:20
44268,3,Recirculacion,2023-02-12 21:44:40,5460.0,01:31:00
44268,3,Recirculacion,2023-02-13 01:54:20,4260.0,01:11:00
44268,3,Recirculacion,2023-02-13 04:45:05,5055.0,01:24:15
44268,3,Recirculacion,2023-02-13 08:49:10,16865.0,04:41:05
44268,3,Recirculacion,2023-02-14 01:52:15,6100.0,01:41:40
44268,3,Recirculacion,2023-02-14 05:03:15,3855.0,01:04:15
44268,4,Global,2023-02-11 10:19:25,7390.0,02:03:10
44268,4,Global,2023-02-11 20:49:30,34245.0,09:30:45
44268,4,Global,2023-02-12 04:28:05,27215.0,07:33:35
44268,4,Global,2023-02-12 07:41:10,11395.0,03:09:55
44268,4,Global,2023-02-12 15:19:00,27330.0,07:35:30
44268,4,Global,2023-02-12 19:51:25,15705.0,04:21:45
44268,4,Global,2023-02-12 23:15:40,12140.0,03:22:20
44268,4,Global,2023-02-13 03:05:20,13670.0,03:47:50
44268,4,Global,2023-02-13 06:09:20,10930.0,03:02:10
44268,4,Global,2023-02-13 13:30:15,26345.0,07:19:05
44268,4,Global,2023-02-13 22:33:35,7735.0,02:08:55
44268,4,Global,2023-02-14 03:33:55,18020.0,05:00:20
44268,4,Global,2023-02-14 06:07:30,9215.0,02:33:35
44289,0,Operating,2023-02-11 10:19:25,3560.0,00:59:20
44289,0,Operating,2023-02-11 20:49:30,300.0,00:05:00
44289,0,Operating,2023-02-12 04:28:05,190.0,00:03:10
44289,0,Operating,2023-02-12 07:41:10,140.0,00:02:20
44289,0,Operating,2023-02-12 15:19:00,640.0,00:10:40
44289,0,Operating,2023-02-12 19:51:25,115.0,00:01:55
44289,0,Operating,2023-02-12 23:15:40,110.0,00:01:50
44289,0,Operating,2023-02-13 03:05:20,110.0,00:01:50
44289,0,Operating,2023-02-13 06:09:20,110.0,00:01:50
44289,0,Operating,2023-02-13 13:30:15,24865.0,06:54:25
44289,0,Operating,2023-02-13 22:33:35,0.0,00:00:00
44289,0,Operating,2023-02-14 03:33:55,0.0,00:00:00
44289,1,Inicio,2023-02-11 08:16:15,10.0,00:00:10
44289,1,Inicio,2023-02-11 11:18:45,335.0,00:05:35
44289,1,Inicio,2023-02-11 20:54:30,115.0,00:01:55
44289,1,Inicio,2023-02-12 04:31:15,40.0,00:00:40
44289,1,Inicio,2023-02-12 07:43:30,115.0,00:01:55
44289,1,Inicio,2023-02-12 15:29:40,20.0,00:00:20
44289,1,Inicio,2023-02-12 19:53:20,120.0,00:02:00
44289,1,Inicio,2023-02-12 23:17:30,120.0,00:02:00
44289,1,Inicio,2023-02-13 03:07:10,120.0,00:02:00
44289,1,Inicio,2023-02-13 06:11:10,115.0,00:01:55
44289,1,Inicio,2023-02-13 20:24:40,410.0,00:06:50
44289,1,Inicio,2023-02-13 22:33:35,70.0,00:01:10
44289,1,Inicio,2023-02-14 03:33:55,10.0,00:00:10
44289,2,Medicion,2023-02-11 08:16:25,7370.0,02:02:50
44289,2,Medicion,2023-02-11 11:24:20,5925.0,01:38:45
44289,2,Medicion,2023-02-11 20:56:25,10165.0,02:49:25
44289,2,Medicion,2023-02-12 04:31:55,8010.0,02:13:30
44289,2,Medicion,2023-02-12 07:45:25,5785.0,01:36:25
44289,2,Medicion,2023-02-12 15:30:00,10265.0,02:51:05
44289,2,Medicion,2023-02-12 19:55:20,6560.0,01:49:20
44289,2,Medicion,2023-02-12 23:19:30,9290.0,02:34:50
44289,2,Medicion,2023-02-13 03:09:10,5755.0,01:35:55
44289,2,Medicion,2023-02-13 06:13:05,9365.0,02:36:05
44289,2,Medicion,2023-02-13 20:31:30,19245.0,05:20:45
44289,2,Medicion,2023-02-13 22:34:45,11850.0,03:17:30
44289,2,Medicion,2023-02-14 03:34:05,5350.0,01:29:10
44289,3,Recirculacion,2023-02-11 10:19:15,10.0,00:00:10
44289,3,Recirculacion,2023-02-11 13:03:05,27985.0,07:46:25
44289,3,Recirculacion,2023-02-11 23:45:50,16935.0,04:42:15
44289,3,Recirculacion,2023-02-12 06:45:25,3345.0,00:55:45
44289,3,Recirculacion,2023-02-12 09:21:50,21430.0,05:57:10
44289,3,Recirculacion,2023-02-12 18:21:05,5420.0,01:30:20
44289,3,Recirculacion,2023-02-12 21:44:40,5460.0,01:31:00
44289,3,Recirculacion,2023-02-13 01:54:20,4260.0,01:11:00
44289,3,Recirculacion,2023-02-13 04:45:05,5055.0,01:24:15
44289,3,Recirculacion,2023-02-13 08:49:10,16865.0,04:41:05
44289,3,Recirculacion,2023-02-14 01:52:15,6100.0,01:41:40
44289,3,Recirculacion,2023-02-14 05:03:15,3855.0,01:04:15
44289,4,Global,2023-02-11 10:19:25,7390.0,02:03:10
44289,4,Global,2023-02-11 20:49:30,34245.0,09:30:45
44289,4,Global,2023-02-12 04:28:05,27215.0,07:33:35
44289,4,Global,2023-02-12 07:41:10,11395.0,03:09:55
44289,4,Global,2023-02-12 15:19:00,27330.0,07:35:30
44289,4,Global,2023-02-12 19:51:25,15705.0,04:21:45
44289,4,Global,2023-02-12 23:15:40,12140.0,03:22:20
44289,4,Global,2023-02-13 03:05:20,13670.0,03:47:50
44289,4,Global,2023-02-13 06:09:20,10930.0,03:02:10
44289,4,Global,2023-02-13 13:30:15,26345.0,07:19:05
44289,4,Global,2023-02-13 22:33:35,7735.0,02:08:55
44289,4,Global,2023-02-14 03:33:55,18020.0,05:00:20
44289,4,Global,2023-02-14 06:07:30,9215.0,02:33:35
44293,0,Operating,2023-02-11 10:19:25,3560.0,00:59:20
44293,0,Operating,2023-02-11 20:49:30,300.0,00:05:00
44293,0,Operating,2023-02-12 04:28:05,190.0,00:03:10
44293,0,Operating,2023-02-12 07:41:10,140.0,00:02:20
44293,0,Operating,2023-02-12 15:19:00,640.0,00:10:40
44293,0,Operating,2023-02-12 19:51:25,115.0,00:01:55
44293,0,Operating,2023-02-12 23:15:40,110.0,00:01:50
44293,0,Operating,2023-02-13 03:05:20,110.0,00:01:50
44293,0,Operating,2023-02-13 06:09:20,110.0,00:01:50
44293,0,Operating,2023-02-13 13:30:15,24865.0,06:54:25
44293,0,Operating,2023-02-13 22:33:35,0.0,00:00:00
44293,0,Operating,2023-02-14 03:33:55,0.0,00:00:00
44293,1,Inicio,2023-02-11 08:16:15,10.0,00:00:10
44293,1,Inicio,2023-02-11 11:18:45,335.0,00:05:35
44293,1,Inicio,2023-02-11 20:54:30,115.0,00:01:55
44293,1,Inicio,2023-02-12 04:31:15,40.0,00:00:40
44293,1,Inicio,2023-02-12 07:43:30,115.0,00:01:55
44293,1,Inicio,2023-02-12 15:29:40,20.0,00:00:20
44293,1,Inicio,2023-02-12 19:53:20,120.0,00:02:00
44293,1,Inicio,2023-02-12 23:17:30,120.0,00:02:00
44293,1,Inicio,2023-02-13 03:07:10,120.0,00:02:00
44293,1,Inicio,2023-02-13 06:11:10,115.0,00:01:55
44293,1,Inicio,2023-02-13 20:24:40,410.0,00:06:50
44293,1,Inicio,2023-02-13 22:33:35,70.0,00:01:10
44293,1,Inicio,2023-02-14 03:33:55,10.0,00:00:10
44293,2,Medicion,2023-02-11 08:16:25,7370.0,02:02:50
44293,2,Medicion,2023-02-11 11:24:20,5925.0,01:38:45
44293,2,Medicion,2023-02-11 20:56:25,10165.0,02:49:25
44293,2,Medicion,2023-02-12 04:31:55,8010.0,02:13:30
44293,2,Medicion,2023-02-12 07:45:25,5785.0,01:36:25
44293,2,Medicion,2023-02-12 15:30:00,10265.0,02:51:05
44293,2,Medicion,2023-02-12 19:55:20,6560.0,01:49:20
44293,2,Medicion,2023-02-12 23:19:30,9290.0,02:34:50
44293,2,Medicion,2023-02-13 03:09:10,5755.0,01:35:55
44293,2,Medicion,2023-02-13 06:13:05,9365.0,02:36:05
44293,2,Medicion,2023-02-13 20:31:30,19245.0,05:20:45
44293,2,Medicion,2023-02-13 22:34:45,11850.0,03:17:30
44293,2,Medicion,2023-02-14 03:34:05,5350.0,01:29:10
44293,3,Recirculacion,2023-02-11 10:19:15,10.0,00:00:10
44293,3,Recirculacion,2023-02-11 13:03:05,27985.0,07:46:25
44293,3,Recirculacion,2023-02-11 23:45:50,16935.0,04:42:15
44293,3,Recirculacion,2023-02-12 06:45:25,3345.0,00:55:45
44293,3,Recirculacion,2023-02-12 09:21:50,21430.0,05:57:10
44293,3,Recirculacion,2023-02-12 18:21:05,5420.0,01:30:20
44293,3,Recirculacion,2023-02-12 21:44:40,5460.0,01:31:00
44293,3,Recirculacion,2023-02-13 01:54:20,4260.0,01:11:00
44293,3,Recirculacion,2023-02-13 04:45:05,5055.0,01:24:15
44293,3,Recirculacion,2023-02-13 08:49:10,16865.0,04:41:05
44293,3,Recirculacion,2023-02-14 01:52:15,6100.0,01:41:40
44293,3,Recirculacion,2023-02-14 05:03:15,3855.0,01:04:15
44293,4,Global,2023-02-11 10:19:25,7390.0,02:03:10
44293,4,Global,2023-02-11 20:49:30,34245.0,09:30:45
44293,4,Global,2023-02-12 04:28:05,27215.0,07:33:35
44293,4,Global,2023-02-12 07:41:10,11395.0,03:09:55
44293,4,Global,2023-02-12 15:19:00,27330.0,07:35:30
44293,4,Global,2023-02-12 19:51:25,15705.0,04:21:45
44293,4,Global,2023-02-12 23:15:40,12140.0,03:22:20
44293,4,Global,2023-02-13 03:05:20,13670.0,03:47:50
44293,4,Global,2023-02-13 06:09:20,10930.0,03:02:10
44293,4,Global,2023-02-13 13:30:15,26345.0,07:19:05
44293,4,Global,2023-02-13 22:33:35,7735.0,02:08:55
44293,4,Global,2023-02-14 03:33:55,18020.0,05:00:20
44293,4,Global,2023-02-14 06:07:30,9215.0,02:33:35
44307,0,Operating,2023-02-14 06:07:30,195.0,00:03:15
44307,0,Operating,2023-02-14 10:47:25,11085.0,03:04:45
44307,1,Inicio,2023-02-14 06:10:45,95.0,00:01:35
44307,1,Inicio,2023-02-14 13:52:10,3015.0,00:50:15
44307,2,Medicion,2023-02-14 06:12:20,9390.0,02:36:30
44307,2,Medicion,2023-02-14 14:42:25,18195.0,05:03:15
44307,3,Recirculacion,2023-02-14 08:48:50,7115.0,01:58:35
44307,3,Recirculacion,2023-02-14 19:45:40,4830.0,01:20:30
44307,4,Global,2023-02-14 10:47:25,16600.0,04:36:40
44307,4,Global,2023-02-14 21:06:10,26040.0,07:14:00
44333,0,Operating,2023-02-14 06:07:30,195.0,00:03:15
44333,0,Operating,2023-02-14 10:47:25,11085.0,03:04:45
44333,1,Inicio,2023-02-14 06:10:45,95.0,00:01:35
44333,1,Inicio,2023-02-14 13:52:10,3015.0,00:50:15
44333,2,Medicion,2023-02-14 06:12:20,9390.0,02:36:30
44333,2,Medicion,2023-02-14 14:42:25,18195.0,05:03:15
44333,3,Recirculacion,2023-02-14 08:48:50,7115.0,01:58:35
44333,3,Recirculacion,2023-02-14 19:45:40,4830.0,01:20:30
44333,4,Global,2023-02-14 10:47:25,16600.0,04:36:40
44333,4,Global,2023-02-14 21:06:10,26040.0,07:14:00
44339,0,Operating,2023-02-14 21:06:10,215.0,00:03:35
44339,1,Inicio,2023-02-14 21:09:45,10.0,00:00:10
44339,2,Medicion,2023-02-14 21:09:55,79175.0,21:59:35
44339,3,Recirculacion,2023-02-15 19:09:30,12365.0,03:26:05
44339,4,Global,2023-02-15 22:35:35,91550.0,25:25:50
44348,0,Operating,2023-02-15 22:35:35,185.0,00:03:05
44348,1,Inicio,2023-02-15 22:38:40,45.0,00:00:45
44348,2,Medicion,2023-02-15 22:39:25,70160.0,19:29:20
44348,3,Recirculacion,2023-02-16 18:08:45,35.0,00:00:35
44348,4,Global,2023-02-16 18:09:20,70240.0,19:30:40
44453,0,Operating,2023-02-16 18:09:20,1930.0,00:32:10
44453,0,Operating,2023-02-17 07:08:35,110.0,00:01:50
44453,1,Inicio,2023-02-16 18:41:30,10.0,00:00:10
44453,1,Inicio,2023-02-17 07:10:25,120.0,00:02:00
44453,2,Medicion,2023-02-16 18:41:40,32505.0,09:01:45
44453,2,Medicion,2023-02-17 07:12:25,14010.0,03:53:30
44453,3,Recirculacion,2023-02-17 03:43:25,12310.0,03:25:10
44453,3,Recirculacion,2023-02-17 11:05:55,10.0,00:00:10
44453,4,Global,2023-02-17 07:08:35,44825.0,12:27:05
44453,4,Global,2023-02-17 11:06:05,14140.0,03:55:40
44455,0,Operating,2023-02-16 18:09:20,1930.0,00:32:10
44455,0,Operating,2023-02-17 07:08:35,110.0,00:01:50
44455,1,Inicio,2023-02-16 18:41:30,10.0,00:00:10
44455,1,Inicio,2023-02-17 07:10:25,120.0,00:02:00
44455,2,Medicion,2023-02-16 18:41:40,32505.0,09:01:45
44455,2,Medicion,2023-02-17 07:12:25,14010.0,03:53:30
44455,3,Recirculacion,2023-02-17 03:43:25,12310.0,03:25:10
44455,3,Recirculacion,2023-02-17 11:05:55,10.0,00:00:10
44455,4,Global,2023-02-17 07:08:35,44825.0,12:27:05
44455,4,Global,2023-02-17 11:06:05,14140.0,03:55:40
44491,0,Operating,2023-02-17 11:06:05,365.0,00:06:05
44491,1,Inicio,2023-02-17 11:12:10,20.0,00:00:20
44491,2,Medicion,2023-02-17 11:12:30,11010.0,03:03:30
44491,3,Recirculacion,2023-02-17 14:16:00,10.0,00:00:10
44491,4,Global,2023-02-17 14:16:10,11040.0,03:04:00
44498,0,Operating,2023-02-17 14:16:10,1635.0,00:27:15
44498,0,Operating,2023-02-17 19:18:10,635.0,00:10:35
44498,1,Inicio,2023-02-17 14:43:25,70.0,00:01:10
44498,1,Inicio,2023-02-17 19:28:45,380.0,00:06:20
44498,2,Medicion,2023-02-17 14:44:35,16330.0,04:32:10
44498,2,Medicion,2023-02-17 19:35:05,24850.0,06:54:10
44498,3,Recirculacion,2023-02-17 19:16:45,85.0,00:01:25
44498,3,Recirculacion,2023-02-18 02:29:15,1620.0,00:27:00
44498,4,Global,2023-02-17 19:18:10,16485.0,04:34:45
44498,4,Global,2023-02-18 02:56:15,26850.0,07:27:30
44502,0,Operating,2023-02-17 14:16:10,1635.0,00:27:15
44502,0,Operating,2023-02-17 19:18:10,635.0,00:10:35
44502,1,Inicio,2023-02-17 14:43:25,70.0,00:01:10
44502,1,Inicio,2023-02-17 19:28:45,380.0,00:06:20
44502,2,Medicion,2023-02-17 14:44:35,16330.0,04:32:10
44502,2,Medicion,2023-02-17 19:35:05,24850.0,06:54:10
44502,3,Recirculacion,2023-02-17 19:16:45,85.0,00:01:25
44502,3,Recirculacion,2023-02-18 02:29:15,1620.0,00:27:00
44502,4,Global,2023-02-17 19:18:10,16485.0,04:34:45
44502,4,Global,2023-02-18 02:56:15,26850.0,07:27:30
44513,0,Operating,2023-02-18 02:56:15,205.0,00:03:25
44513,1,Inicio,2023-02-18 02:59:40,30.0,00:00:30
44513,2,Medicion,2023-02-18 03:00:10,82560.0,22:56:00
44513,3,Recirculacion,2023-02-19 01:56:10,146435.0,40:40:35
44513,4,Global,2023-02-20 18:36:45,229025.0,63:37:05
44671,0,Operating,2023-02-20 18:36:45,4695.0,01:18:15
44671,0,Operating,2023-02-21 00:09:15,0.0,00:00:00
44671,1,Inicio,2023-02-20 19:55:00,45.0,00:00:45
44671,1,Inicio,2023-02-21 00:09:15,115.0,00:01:55
44671,2,Medicion,2023-02-20 19:55:45,15210.0,04:13:30
44671,2,Medicion,2023-02-21 00:11:10,12385.0,03:26:25
44671,3,Recirculacion,2023-02-21 03:37:35,5175.0,01:26:15
44671,4,Global,2023-02-21 00:09:15,15255.0,04:14:15
44671,4,Global,2023-02-21 05:03:50,17675.0,04:54:35
44677,0,Operating,2023-02-20 18:36:45,4695.0,01:18:15
44677,0,Operating,2023-02-21 00:09:15,0.0,00:00:00
44677,1,Inicio,2023-02-20 19:55:00,45.0,00:00:45
44677,1,Inicio,2023-02-21 00:09:15,115.0,00:01:55
44677,2,Medicion,2023-02-20 19:55:45,15210.0,04:13:30
44677,2,Medicion,2023-02-21 00:11:10,12385.0,03:26:25
44677,3,Recirculacion,2023-02-21 03:37:35,5175.0,01:26:15
44677,4,Global,2023-02-21 00:09:15,15255.0,04:14:15
44677,4,Global,2023-02-21 05:03:50,17675.0,04:54:35
44702,0,Operating,2023-02-21 05:03:50,210.0,00:03:30
44702,1,Inicio,2023-02-21 05:07:20,20.0,00:00:20
44702,2,Medicion,2023-02-21 05:07:40,12545.0,03:29:05
44702,3,Recirculacion,2023-02-21 08:36:45,2475.0,00:41:15
44702,4,Global,2023-02-21 09:18:00,15040.0,04:10:40
44718,0,Operating,2023-02-21 09:18:00,12150.0,03:22:30
44718,0,Operating,2023-02-21 18:44:00,115.0,00:01:55
44718,1,Inicio,2023-02-21 12:40:30,85.0,00:01:25
44718,1,Inicio,2023-02-21 18:45:55,120.0,00:02:00
44718,2,Medicion,2023-02-21 12:41:55,11010.0,03:03:30
44718,2,Medicion,2023-02-21 18:47:55,5870.0,01:37:50
44718,3,Recirculacion,2023-02-21 15:45:25,10715.0,02:58:35
44718,3,Recirculacion,2023-02-21 20:25:45,19480.0,05:24:40
44718,4,Global,2023-02-21 18:44:00,21810.0,06:03:30
44718,4,Global,2023-02-22 01:50:25,25470.0,07:04:30
44724,0,Operating,2023-02-21 09:18:00,12150.0,03:22:30
44724,0,Operating,2023-02-21 18:44:00,115.0,00:01:55
44724,1,Inicio,2023-02-21 12:40:30,85.0,00:01:25
44724,1,Inicio,2023-02-21 18:45:55,120.0,00:02:00
44724,2,Medicion,2023-02-21 12:41:55,11010.0,03:03:30
44724,2,Medicion,2023-02-21 18:47:55,5870.0,01:37:50
44724,3,Recirculacion,2023-02-21 15:45:25,10715.0,02:58:35
44724,3,Recirculacion,2023-02-21 20:25:45,19480.0,05:24:40
44724,4,Global,2023-02-21 18:44:00,21810.0,06:03:30
44724,4,Global,2023-02-22 01:50:25,25470.0,07:04:30
44798,0,Operating,2023-02-22 22:37:35,3660.0,01:01:00
44798,0,Operating,2023-02-23 05:56:20,105.0,00:01:45
44798,1,Inicio,2023-02-22 23:38:35,50.0,00:00:50
44798,1,Inicio,2023-02-23 05:58:05,115.0,00:01:55
44798,2,Medicion,2023-02-22 23:39:25,10180.0,02:49:40
44798,2,Medicion,2023-02-23 06:00:00,10135.0,02:48:55
44798,3,Recirculacion,2023-02-23 02:29:05,12435.0,03:27:15
44798,3,Recirculacion,2023-02-23 08:48:55,10.0,00:00:10
44798,4,Global,2023-02-23 05:56:20,22665.0,06:17:45
44798,4,Global,2023-02-23 08:49:05,10260.0,02:51:00
44800,0,Operating,2023-02-22 22:37:35,3660.0,01:01:00
44800,0,Operating,2023-02-23 05:56:20,105.0,00:01:45
44800,1,Inicio,2023-02-22 23:38:35,50.0,00:00:50
44800,1,Inicio,2023-02-23 05:58:05,115.0,00:01:55
44800,2,Medicion,2023-02-22 23:39:25,10180.0,02:49:40
44800,2,Medicion,2023-02-23 06:00:00,10135.0,02:48:55
44800,3,Recirculacion,2023-02-23 02:29:05,12435.0,03:27:15
44800,3,Recirculacion,2023-02-23 08:48:55,10.0,00:00:10
44800,4,Global,2023-02-23 05:56:20,22665.0,06:17:45
44800,4,Global,2023-02-23 08:49:05,10260.0,02:51:00
44826,0,Operating,2023-02-23 08:49:05,9010.0,02:30:10
44826,0,Operating,2023-02-24 07:46:25,930.0,00:15:30
44826,1,Inicio,2023-02-23 11:19:15,80.0,00:01:20
44826,1,Inicio,2023-02-24 08:01:55,115.0,00:01:55
44826,2,Medicion,2023-02-23 11:20:35,7135.0,01:58:55
44826,2,Medicion,2023-02-24 08:03:50,10335.0,02:52:15
44826,3,Recirculacion,2023-02-23 13:19:30,66415.0,18:26:55
44826,3,Recirculacion,2023-02-24 10:56:05,10.0,00:00:10
44826,4,Global,2023-02-24 07:46:25,73630.0,20:27:10
44826,4,Global,2023-02-24 10:56:15,10460.0,02:54:20
44900,0,Operating,2023-02-23 08:49:05,9010.0,02:30:10
44900,0,Operating,2023-02-24 07:46:25,930.0,00:15:30
44900,1,Inicio,2023-02-23 11:19:15,80.0,00:01:20
44900,1,Inicio,2023-02-24 08:01:55,115.0,00:01:55
44900,2,Medicion,2023-02-23 11:20:35,7135.0,01:58:55
44900,2,Medicion,2023-02-24 08:03:50,10335.0,02:52:15
44900,3,Recirculacion,2023-02-23 13:19:30,66415.0,18:26:55
44900,3,Recirculacion,2023-02-24 10:56:05,10.0,00:00:10
44900,4,Global,2023-02-24 07:46:25,73630.0,20:27:10
44900,4,Global,2023-02-24 10:56:15,10460.0,02:54:20
44910,0,Operating,2023-02-24 10:56:15,6495.0,01:48:15
44910,0,Operating,2023-02-24 16:10:20,115.0,00:01:55
44910,1,Inicio,2023-02-24 12:44:30,35.0,00:00:35
44910,1,Inicio,2023-02-24 16:12:15,120.0,00:02:00
44910,2,Medicion,2023-02-24 12:45:05,7160.0,01:59:20
44910,2,Medicion,2023-02-24 16:14:15,6180.0,01:43:00
44910,3,Recirculacion,2023-02-24 14:44:25,5155.0,01:25:55
44910,3,Recirculacion,2023-02-24 17:57:15,2960.0,00:49:20
44910,4,Global,2023-02-24 16:10:20,12350.0,03:25:50
44910,4,Global,2023-02-24 18:46:35,9260.0,02:34:20
44919,0,Operating,2023-02-24 10:56:15,6495.0,01:48:15
44919,0,Operating,2023-02-24 16:10:20,115.0,00:01:55
44919,1,Inicio,2023-02-24 12:44:30,35.0,00:00:35
44919,1,Inicio,2023-02-24 16:12:15,120.0,00:02:00
44919,2,Medicion,2023-02-24 12:45:05,7160.0,01:59:20
44919,2,Medicion,2023-02-24 16:14:15,6180.0,01:43:00
44919,3,Recirculacion,2023-02-24 14:44:25,5155.0,01:25:55
44919,3,Recirculacion,2023-02-24 17:57:15,2960.0,00:49:20
44919,4,Global,2023-02-24 16:10:20,12350.0,03:25:50
44919,4,Global,2023-02-24 18:46:35,9260.0,02:34:20
44930,0,Operating,2023-02-24 18:46:35,180.0,00:03:00
44930,1,Inicio,2023-02-24 18:49:35,50.0,00:00:50
44930,2,Medicion,2023-02-24 18:50:25,8230.0,02:17:10
44930,3,Recirculacion,2023-02-24 21:07:35,2935.0,00:48:55
44930,4,Global,2023-02-24 21:56:30,11215.0,03:06:55
44938,0,Operating,2023-02-24 21:56:30,215.0,00:03:35
44938,1,Inicio,2023-02-24 22:00:05,115.0,00:01:55
44938,2,Medicion,2023-02-24 22:02:00,26610.0,07:23:30
44938,3,Recirculacion,2023-02-25 05:25:30,60.0,00:01:00
44938,4,Global,2023-02-25 05:26:30,26785.0,07:26:25
44944,0,Operating,2023-02-25 05:26:30,145.0,00:02:25
44944,1,Inicio,2023-02-25 05:28:55,80.0,00:01:20
44944,2,Medicion,2023-02-25 05:30:15,21645.0,06:00:45
44944,3,Recirculacion,2023-02-25 11:31:00,2940.0,00:49:00
44944,4,Global,2023-02-25 12:20:00,24665.0,06:51:05
44972,0,Operating,2023-02-25 12:20:00,3270.0,00:54:30
44972,0,Operating,2023-02-25 18:08:00,9480.0,02:38:00
44972,1,Inicio,2023-02-25 13:14:30,55.0,00:00:55
44972,1,Inicio,2023-02-25 20:46:00,120.0,00:02:00
44972,2,Medicion,2023-02-25 13:15:25,14510.0,04:01:50
44972,2,Medicion,2023-02-25 20:48:00,126595.0,35:09:55
44972,3,Recirculacion,2023-02-25 17:17:15,3045.0,00:50:45
44972,3,Recirculacion,2023-02-27 07:57:55,10.0,00:00:10
44972,4,Global,2023-02-25 18:08:00,17610.0,04:53:30
44972,4,Global,2023-02-27 07:58:05,126725.0,35:12:05
44994,0,Operating,2023-02-25 12:20:00,3270.0,00:54:30
44994,0,Operating,2023-02-25 18:08:00,9480.0,02:38:00
44994,1,Inicio,2023-02-25 13:14:30,55.0,00:00:55
44994,1,Inicio,2023-02-25 20:46:00,120.0,00:02:00
44994,2,Medicion,2023-02-25 13:15:25,14510.0,04:01:50
44994,2,Medicion,2023-02-25 20:48:00,126595.0,35:09:55
44994,3,Recirculacion,2023-02-25 17:17:15,3045.0,00:50:45
44994,3,Recirculacion,2023-02-27 07:57:55,10.0,00:00:10
44994,4,Global,2023-02-25 18:08:00,17610.0,04:53:30
44994,4,Global,2023-02-27 07:58:05,126725.0,35:12:05
45007,0,Operating,2023-02-27 07:58:05,3040.0,00:50:40
45007,0,Operating,2023-02-27 15:10:15,0.0,00:00:00
45007,1,Inicio,2023-02-27 08:48:45,115.0,00:01:55
45007,1,Inicio,2023-02-27 15:10:15,150.0,00:02:30
45007,2,Medicion,2023-02-27 08:50:40,22775.0,06:19:35
45007,4,Global,2023-02-27 15:10:15,22890.0,06:21:30
45007,4,Global,2023-02-28 00:24:40,33265.0,09:14:25
45064,0,Operating,2023-02-28 00:24:40,165.0,00:02:45
45064,1,Inicio,2023-02-28 00:27:25,95.0,00:01:35
45064,2,Medicion,2023-02-28 00:29:00,44740.0,12:25:40
45064,3,Recirculacion,2023-02-28 12:54:40,65.0,00:01:05
45064,4,Global,2023-02-28 12:55:45,44900.0,12:28:20
45144,0,Operating,2023-02-28 19:55:40,540.0,00:09:00
45144,1,Inicio,2023-02-28 20:04:40,80.0,00:01:20
45144,2,Medicion,2023-02-28 20:06:00,10580.0,02:56:20
45144,3,Recirculacion,2023-02-28 23:02:20,11590.0,03:13:10
45144,4,Global,2023-03-01 02:15:30,22250.0,06:10:50
45185,0,Operating,2023-03-01 04:36:25,11855.0,03:17:35
45185,0,Operating,2023-03-01 12:22:00,110.0,00:01:50
45185,1,Inicio,2023-03-01 07:54:00,85.0,00:01:25
45185,1,Inicio,2023-03-01 12:23:50,145.0,00:02:25
45185,2,Medicion,2023-03-01 07:55:25,5265.0,01:27:45
45185,2,Medicion,2023-03-01 12:26:15,8435.0,02:20:35
45185,3,Recirculacion,2023-03-01 09:23:10,10730.0,02:58:50
45185,3,Recirculacion,2023-03-01 14:46:50,6185.0,01:43:05
45185,4,Global,2023-03-01 12:22:00,16080.0,04:28:00
45185,4,Global,2023-03-01 16:29:55,14765.0,04:06:05
45195,0,Operating,2023-03-01 04:36:25,11855.0,03:17:35
45195,0,Operating,2023-03-01 12:22:00,110.0,00:01:50
45195,1,Inicio,2023-03-01 07:54:00,85.0,00:01:25
45195,1,Inicio,2023-03-01 12:23:50,145.0,00:02:25
45195,2,Medicion,2023-03-01 07:55:25,5265.0,01:27:45
45195,2,Medicion,2023-03-01 12:26:15,8435.0,02:20:35
45195,3,Recirculacion,2023-03-01 09:23:10,10730.0,02:58:50
45195,3,Recirculacion,2023-03-01 14:46:50,6185.0,01:43:05
45195,4,Global,2023-03-01 12:22:00,16080.0,04:28:00
45195,4,Global,2023-03-01 16:29:55,14765.0,04:06:05
45212,0,Operating,2023-03-01 16:29:55,200.0,00:03:20
45212,1,Inicio,2023-03-01 16:33:15,60.0,00:01:00
45212,2,Medicion,2023-03-01 16:34:15,28055.0,07:47:35
45212,3,Recirculacion,2023-03-02 00:21:50,12565.0,03:29:25
45212,4,Global,2023-03-02 03:51:15,40680.0,11:18:00
45222,0,Operating,2023-03-02 03:51:15,6795.0,01:53:15
45222,0,Operating,2023-03-02 07:58:40,1165.0,00:19:25
45222,1,Inicio,2023-03-02 05:44:30,150.0,00:02:30
45222,1,Inicio,2023-03-02 08:18:05,145.0,00:02:25
45222,2,Medicion,2023-03-02 05:47:00,7065.0,01:57:45
45222,2,Medicion,2023-03-02 08:20:30,13515.0,03:45:15
45222,3,Recirculacion,2023-03-02 07:44:45,835.0,00:13:55
45222,3,Recirculacion,2023-03-02 12:05:45,2630.0,00:43:50
45222,4,Global,2023-03-02 07:58:40,8050.0,02:14:10
45222,4,Global,2023-03-02 12:49:35,16290.0,04:31:30
45248,0,Operating,2023-03-02 03:51:15,6795.0,01:53:15
45248,0,Operating,2023-03-02 07:58:40,1165.0,00:19:25
45248,1,Inicio,2023-03-02 05:44:30,150.0,00:02:30
45248,1,Inicio,2023-03-02 08:18:05,145.0,00:02:25
45248,2,Medicion,2023-03-02 05:47:00,7065.0,01:57:45
45248,2,Medicion,2023-03-02 08:20:30,13515.0,03:45:15
45248,3,Recirculacion,2023-03-02 07:44:45,835.0,00:13:55
45248,3,Recirculacion,2023-03-02 12:05:45,2630.0,00:43:50
45248,4,Global,2023-03-02 07:58:40,8050.0,02:14:10
45248,4,Global,2023-03-02 12:49:35,16290.0,04:31:30
45267,0,Operating,2023-03-02 12:49:35,120.0,00:02:00
45267,1,Inicio,2023-03-02 12:51:35,150.0,00:02:30
45267,2,Medicion,2023-03-02 12:54:05,4830.0,01:20:30
45267,3,Recirculacion,2023-03-02 14:14:35,5655.0,01:34:15
45267,4,Global,2023-03-02 15:48:50,10635.0,02:57:15
45275,0,Operating,2023-03-02 15:48:50,120.0,00:02:00
45275,1,Inicio,2023-03-02 15:50:50,445.0,00:07:25
45275,2,Medicion,2023-03-02 15:58:15,12980.0,03:36:20
45275,3,Recirculacion,2023-03-02 19:34:35,4000.0,01:06:40
45275,4,Global,2023-03-02 20:41:15,17425.0,04:50:25
45283,0,Operating,2023-03-02 20:41:15,17495.0,04:51:35
45283,0,Operating,2023-03-03 06:30:40,1270.0,00:21:10
45283,1,Inicio,2023-03-03 01:32:50,145.0,00:02:25
45283,1,Inicio,2023-03-03 06:51:50,10.0,00:00:10
45283,2,Medicion,2023-03-03 01:35:15,11680.0,03:14:40
45283,2,Medicion,2023-03-03 06:52:00,6025.0,01:40:25
45283,3,Recirculacion,2023-03-03 04:49:55,6045.0,01:40:45
45283,3,Recirculacion,2023-03-03 08:32:25,2375.0,00:39:35
45283,4,Global,2023-03-03 06:30:40,17870.0,04:57:50
45283,4,Global,2023-03-03 09:12:00,8410.0,02:20:10
45302,0,Operating,2023-03-02 20:41:15,17495.0,04:51:35
45302,0,Operating,2023-03-03 06:30:40,1270.0,00:21:10
45302,1,Inicio,2023-03-03 01:32:50,145.0,00:02:25
45302,1,Inicio,2023-03-03 06:51:50,10.0,00:00:10
45302,2,Medicion,2023-03-03 01:35:15,11680.0,03:14:40
45302,2,Medicion,2023-03-03 06:52:00,6025.0,01:40:25
45302,3,Recirculacion,2023-03-03 04:49:55,6045.0,01:40:45
45302,3,Recirculacion,2023-03-03 08:32:25,2375.0,00:39:35
45302,4,Global,2023-03-03 06:30:40,17870.0,04:57:50
45302,4,Global,2023-03-03 09:12:00,8410.0,02:20:10
45318,0,Operating,2023-03-03 09:12:00,1665.0,00:27:45
45318,0,Operating,2023-03-03 14:02:25,105.0,00:01:45
45318,1,Inicio,2023-03-03 09:39:45,85.0,00:01:25
45318,1,Inicio,2023-03-03 14:04:10,150.0,00:02:30
45318,2,Medicion,2023-03-03 09:41:10,4740.0,01:19:00
45318,2,Medicion,2023-03-03 14:06:40,85565.0,23:46:05
45318,3,Recirculacion,2023-03-03 11:00:10,10935.0,03:02:15
45318,4,Global,2023-03-03 14:02:25,15760.0,04:22:40
45318,4,Global,2023-03-04 13:52:45,85715.0,23:48:35
45328,0,Operating,2023-03-03 09:12:00,1665.0,00:27:45
45328,0,Operating,2023-03-03 14:02:25,105.0,00:01:45
45328,1,Inicio,2023-03-03 09:39:45,85.0,00:01:25
45328,1,Inicio,2023-03-03 14:04:10,150.0,00:02:30
45328,2,Medicion,2023-03-03 09:41:10,4740.0,01:19:00
45328,2,Medicion,2023-03-03 14:06:40,85565.0,23:46:05
45328,3,Recirculacion,2023-03-03 11:00:10,10935.0,03:02:15
45328,4,Global,2023-03-03 14:02:25,15760.0,04:22:40
45328,4,Global,2023-03-04 13:52:45,85715.0,23:48:35
45367,0,Operating,2023-03-04 13:52:45,5.0,00:00:05
45367,1,Inicio,2023-03-04 13:52:50,10.0,00:00:10
45367,2,Medicion,2023-03-04 13:53:00,80.0,00:01:20
45367,3,Recirculacion,2023-03-04 13:54:20,17470.0,04:51:10
45367,4,Global,2023-03-04 18:45:30,17560.0,04:52:40
45379,0,Operating,2023-03-04 18:45:30,400.0,00:06:40
45379,1,Inicio,2023-03-04 18:52:10,60.0,00:01:00
45379,2,Medicion,2023-03-04 18:53:10,9720.0,02:42:00
45379,3,Recirculacion,2023-03-04 21:35:10,4970.0,01:22:50
45379,4,Global,2023-03-04 22:58:00,14750.0,04:05:50
45405,0,Operating,2023-03-04 22:58:00,200.0,00:03:20
45405,1,Inicio,2023-03-04 23:01:20,50.0,00:00:50
45405,2,Medicion,2023-03-04 23:02:10,7360.0,02:02:40
45405,3,Recirculacion,2023-03-05 01:04:50,3985.0,01:06:25
45405,4,Global,2023-03-05 02:11:15,11395.0,03:09:55
45415,0,Operating,2023-03-05 02:11:15,250.0,00:04:10
45415,1,Inicio,2023-03-05 02:15:25,10.0,00:00:10
45415,2,Medicion,2023-03-05 02:15:35,9745.0,02:42:25
45415,3,Recirculacion,2023-03-05 04:58:00,40120.0,11:08:40
45415,4,Global,2023-03-05 16:06:40,49875.0,13:51:15
45481,0,Operating,2023-03-05 23:46:15,195.0,00:03:15
45481,1,Inicio,2023-03-05 23:49:30,50.0,00:00:50
45481,2,Medicion,2023-03-05 23:50:20,10390.0,02:53:10
45481,3,Recirculacion,2023-03-06 02:43:30,14795.0,04:06:35
45481,4,Global,2023-03-06 06:50:05,25235.0,07:00:35
45495,0,Operating,2023-03-06 06:50:05,17935.0,04:58:55
45495,0,Operating,2023-03-06 14:53:55,105.0,00:01:45
45495,1,Inicio,2023-03-06 11:49:00,115.0,00:01:55
45495,1,Inicio,2023-03-06 14:55:40,885.0,00:14:45
45495,2,Medicion,2023-03-06 11:50:55,4135.0,01:08:55
45495,2,Medicion,2023-03-06 15:10:25,50.0,00:00:50
45495,3,Recirculacion,2023-03-06 12:59:50,6845.0,01:54:05
45495,3,Recirculacion,2023-03-06 15:11:15,1025.0,00:17:05
45495,4,Global,2023-03-06 14:53:55,11095.0,03:04:55
45495,4,Global,2023-03-06 15:28:20,1960.0,00:32:40
45529,0,Operating,2023-03-06 06:50:05,17935.0,04:58:55
45529,0,Operating,2023-03-06 14:53:55,105.0,00:01:45
45529,0,Operating,2023-03-06 23:04:30,10675.0,02:57:55
45529,1,Inicio,2023-03-06 11:49:00,115.0,00:01:55
45529,1,Inicio,2023-03-06 14:55:40,885.0,00:14:45
45529,1,Inicio,2023-03-07 02:02:25,140.0,00:02:20
45529,2,Medicion,2023-03-06 11:50:55,4135.0,01:08:55
45529,2,Medicion,2023-03-06 15:10:25,50.0,00:00:50
45529,2,Medicion,2023-03-07 02:04:45,6115.0,01:41:55
45529,3,Recirculacion,2023-03-06 12:59:50,6845.0,01:54:05
45529,3,Recirculacion,2023-03-06 15:11:15,1025.0,00:17:05
45529,3,Recirculacion,2023-03-07 03:46:40,8315.0,02:18:35
45529,4,Global,2023-03-06 14:53:55,11095.0,03:04:55
45529,4,Global,2023-03-06 15:28:20,1960.0,00:32:40
45529,4,Global,2023-03-07 06:05:15,14570.0,04:02:50
45541,0,Operating,2023-03-06 16:44:20,3845.0,01:04:05
45541,1,Inicio,2023-03-06 17:48:25,10.0,00:00:10
45541,2,Medicion,2023-03-06 17:48:35,18605.0,05:10:05
45541,3,Recirculacion,2023-03-06 22:58:40,350.0,00:05:50
45541,4,Global,2023-03-06 23:04:30,18965.0,05:16:05
45598,0,Operating,2023-03-07 06:05:15,22230.0,06:10:30
45598,1,Inicio,2023-03-07 12:15:45,90.0,00:01:30
45598,2,Medicion,2023-03-07 12:17:15,10190.0,02:49:50
45598,3,Recirculacion,2023-03-07 15:07:05,5255.0,01:27:35
45598,4,Global,2023-03-07 16:34:40,15535.0,04:18:55
45609,0,Operating,2023-03-07 16:34:40,7045.0,01:57:25
45609,0,Operating,2023-03-08 05:43:25,100.0,00:01:40
45609,1,Inicio,2023-03-07 18:32:05,205.0,00:03:25
45609,1,Inicio,2023-03-08 05:45:05,155.0,00:02:35
45609,2,Medicion,2023-03-07 18:35:30,8665.0,02:24:25
45609,2,Medicion,2023-03-08 05:47:40,5355.0,01:29:15
45609,3,Recirculacion,2023-03-07 20:59:55,31410.0,08:43:30
45609,3,Recirculacion,2023-03-08 07:16:55,3190.0,00:53:10
45609,4,Global,2023-03-08 05:43:25,40280.0,11:11:20
45609,4,Global,2023-03-08 08:10:05,8700.0,02:25:00
45614,0,Operating,2023-03-07 16:34:40,7045.0,01:57:25
45614,0,Operating,2023-03-08 05:43:25,100.0,00:01:40
45614,1,Inicio,2023-03-07 18:32:05,205.0,00:03:25
45614,1,Inicio,2023-03-08 05:45:05,155.0,00:02:35
45614,2,Medicion,2023-03-07 18:35:30,8665.0,02:24:25
45614,2,Medicion,2023-03-08 05:47:40,5355.0,01:29:15
45614,3,Recirculacion,2023-03-07 20:59:55,31410.0,08:43:30
45614,3,Recirculacion,2023-03-08 07:16:55,3190.0,00:53:10
45614,4,Global,2023-03-08 05:43:25,40280.0,11:11:20
45614,4,Global,2023-03-08 08:10:05,8700.0,02:25:00
45640,0,Operating,2023-03-08 08:10:05,1635.0,00:27:15
45640,0,Operating,2023-03-08 12:58:40,105.0,00:01:45
45640,1,Inicio,2023-03-08 08:37:20,70.0,00:01:10
45640,1,Inicio,2023-03-08 13:00:25,145.0,00:02:25
45640,2,Medicion,2023-03-08 08:38:30,5125.0,01:25:25
45640,2,Medicion,2023-03-08 13:02:50,5545.0,01:32:25
45640,3,Recirculacion,2023-03-08 10:03:55,10485.0,02:54:45
45640,3,Recirculacion,2023-03-08 14:35:15,11750.0,03:15:50
45640,4,Global,2023-03-08 12:58:40,15680.0,04:21:20
45640,4,Global,2023-03-08 17:51:05,17440.0,04:50:40
45652,0,Operating,2023-03-08 08:10:05,1635.0,00:27:15
45652,0,Operating,2023-03-08 12:58:40,105.0,00:01:45
45652,1,Inicio,2023-03-08 08:37:20,70.0,00:01:10
45652,1,Inicio,2023-03-08 13:00:25,145.0,00:02:25
45652,2,Medicion,2023-03-08 08:38:30,5125.0,01:25:25
45652,2,Medicion,2023-03-08 13:02:50,5545.0,01:32:25
45652,3,Recirculacion,2023-03-08 10:03:55,10485.0,02:54:45
45652,3,Recirculacion,2023-03-08 14:35:15,11750.0,03:15:50
45652,4,Global,2023-03-08 12:58:40,15680.0,04:21:20
45652,4,Global,2023-03-08 17:51:05,17440.0,04:50:40
45667,0,Operating,2023-03-08 17:51:05,135.0,00:02:15
45667,1,Inicio,2023-03-08 17:53:20,120.0,00:02:00
45667,2,Medicion,2023-03-08 17:55:20,7030.0,01:57:10
45667,3,Recirculacion,2023-03-08 19:52:30,4660.0,01:17:40
45667,4,Global,2023-03-08 21:10:10,11810.0,03:16:50
45682,0,Operating,2023-03-08 21:10:10,485.0,00:08:05
45682,0,Operating,2023-03-09 07:22:30,30.0,00:00:30
45682,1,Inicio,2023-03-08 21:18:15,110.0,00:01:50
45682,1,Inicio,2023-03-09 07:23:00,10.0,00:00:10
45682,2,Medicion,2023-03-08 21:20:05,27585.0,07:39:45
45682,2,Medicion,2023-03-09 07:23:10,7085.0,01:58:05
45682,3,Recirculacion,2023-03-09 04:59:50,3120.0,00:52:00
45682,3,Recirculacion,2023-03-09 09:21:15,5025.0,01:23:45
45682,4,Global,2023-03-09 05:51:50,30815.0,08:33:35
45682,4,Global,2023-03-09 10:45:00,12120.0,03:22:00
45683,0,Operating,2023-03-09 20:37:25,42460.0,11:47:40
45683,0,Operating,2023-03-10 12:58:35,105.0,00:01:45
45683,1,Inicio,2023-03-10 08:25:05,100.0,00:01:40
45683,1,Inicio,2023-03-10 13:00:20,160.0,00:02:40
45683,2,Medicion,2023-03-10 08:26:45,13350.0,03:42:30
45683,2,Medicion,2023-03-10 13:03:00,5200.0,01:26:40
45683,3,Recirculacion,2023-03-10 12:09:15,2960.0,00:49:20
45683,3,Recirculacion,2023-03-10 14:29:40,3460.0,00:57:40
45683,4,Global,2023-03-10 12:58:35,16410.0,04:33:30
45683,4,Global,2023-03-10 15:27:20,8820.0,02:27:00
45743,0,Operating,2023-03-09 10:45:00,16680.0,04:38:00
45743,0,Operating,2023-03-09 16:10:55,2025.0,00:33:45
45743,1,Inicio,2023-03-09 15:23:00,10.0,00:00:10
45743,1,Inicio,2023-03-09 16:44:40,10.0,00:00:10
45743,2,Medicion,2023-03-09 15:23:10,2805.0,00:46:45
45743,2,Medicion,2023-03-09 16:44:50,1230.0,00:20:30
45743,3,Recirculacion,2023-03-09 16:09:55,60.0,00:01:00
45743,3,Recirculacion,2023-03-09 17:05:20,25.0,00:00:25
45743,4,Global,2023-03-09 16:10:55,2875.0,00:47:55
45743,4,Global,2023-03-09 17:05:45,1265.0,00:21:05
45745,0,Operating,2023-03-09 10:45:00,16680.0,04:38:00
45745,0,Operating,2023-03-09 16:10:55,2025.0,00:33:45
45745,1,Inicio,2023-03-09 15:23:00,10.0,00:00:10
45745,1,Inicio,2023-03-09 16:44:40,10.0,00:00:10
45745,2,Medicion,2023-03-09 15:23:10,2805.0,00:46:45
45745,2,Medicion,2023-03-09 16:44:50,1230.0,00:20:30
45745,3,Recirculacion,2023-03-09 16:09:55,60.0,00:01:00
45745,3,Recirculacion,2023-03-09 17:05:20,25.0,00:00:25
45745,4,Global,2023-03-09 16:10:55,2875.0,00:47:55
45745,4,Global,2023-03-09 17:05:45,1265.0,00:21:05
45788,0,Operating,2023-03-09 20:37:25,42460.0,11:47:40
45788,0,Operating,2023-03-10 12:58:35,105.0,00:01:45
45788,1,Inicio,2023-03-10 08:25:05,100.0,00:01:40
45788,1,Inicio,2023-03-10 13:00:20,160.0,00:02:40
45788,2,Medicion,2023-03-10 08:26:45,13350.0,03:42:30
45788,2,Medicion,2023-03-10 13:03:00,5200.0,01:26:40
45788,3,Recirculacion,2023-03-10 12:09:15,2960.0,00:49:20
45788,3,Recirculacion,2023-03-10 14:29:40,3460.0,00:57:40
45788,4,Global,2023-03-10 12:58:35,16410.0,04:33:30
45788,4,Global,2023-03-10 15:27:20,8820.0,02:27:00
45805,0,Operating,2023-03-10 15:27:20,170.0,00:02:50
45805,1,Inicio,2023-03-10 15:30:10,95.0,00:01:35
45805,2,Medicion,2023-03-10 15:31:45,5590.0,01:33:10
45805,3,Recirculacion,2023-03-10 17:04:55,5250.0,01:27:30
45805,4,Global,2023-03-10 18:32:25,10935.0,03:02:15
45812,0,Operating,2023-03-10 18:32:25,110.0,00:01:50
45812,1,Inicio,2023-03-10 18:34:15,1670.0,00:27:50
45812,2,Medicion,2023-03-10 19:02:05,10435.0,02:53:55
45812,3,Recirculacion,2023-03-10 21:56:00,3645.0,01:00:45
45812,4,Global,2023-03-10 22:56:45,15750.0,04:22:30
45815,0,Operating,2023-03-10 22:56:45,155.0,00:02:35
45815,1,Inicio,2023-03-10 22:59:20,105.0,00:01:45
45815,2,Medicion,2023-03-10 23:01:05,10540.0,02:55:40
45815,3,Recirculacion,2023-03-11 01:56:45,3615.0,01:00:15
45815,4,Global,2023-03-11 02:57:00,14260.0,03:57:40
45827,0,Operating,2023-03-11 02:57:00,180.0,00:03:00
45827,1,Inicio,2023-03-11 03:00:00,85.0,00:01:25
45827,2,Medicion,2023-03-11 03:01:25,9585.0,02:39:45
45827,3,Recirculacion,2023-03-11 05:41:10,3310.0,00:55:10
45827,4,Global,2023-03-11 06:36:20,12980.0,03:36:20
45838,0,Operating,2023-03-11 06:36:20,135.0,00:02:15
45838,1,Inicio,2023-03-11 06:38:35,325.0,00:05:25
45838,2,Medicion,2023-03-11 06:44:00,7400.0,02:03:20
45838,3,Recirculacion,2023-03-11 08:47:20,6425.0,01:47:05
45838,4,Global,2023-03-11 10:34:25,14150.0,03:55:50
45852,0,Operating,2023-03-11 10:34:25,145.0,00:02:25
45852,1,Inicio,2023-03-11 10:36:50,120.0,00:02:00
45852,2,Medicion,2023-03-11 10:38:50,7300.0,02:01:40
45852,3,Recirculacion,2023-03-11 12:40:30,5630.0,01:33:50
45852,4,Global,2023-03-11 14:14:20,13050.0,03:37:30
45855,0,Operating,2023-03-11 14:14:20,155.0,00:02:35
45855,1,Inicio,2023-03-11 14:16:55,115.0,00:01:55
45855,2,Medicion,2023-03-11 14:18:50,5065.0,01:24:25
45855,3,Recirculacion,2023-03-11 15:43:15,2890.0,00:48:10
45855,4,Global,2023-03-11 16:31:25,8070.0,02:14:30
45863,0,Operating,2023-03-11 16:31:25,185.0,00:03:05
45863,1,Inicio,2023-03-11 16:34:30,75.0,00:01:15
45863,2,Medicion,2023-03-11 16:35:45,6285.0,01:44:45
45863,3,Recirculacion,2023-03-11 18:20:30,9000.0,02:30:00
45863,4,Global,2023-03-11 20:50:30,15360.0,04:16:00
45867,0,Operating,2023-03-11 21:33:45,615.0,00:10:15
45867,1,Inicio,2023-03-11 21:44:00,115.0,00:01:55
45867,2,Medicion,2023-03-11 21:45:55,7145.0,01:59:05
45867,3,Recirculacion,2023-03-11 23:45:00,8030.0,02:13:50
45867,4,Global,2023-03-12 01:58:50,15290.0,04:14:50
45880,0,Operating,2023-03-12 01:58:50,4195.0,01:09:55
45880,0,Operating,2023-03-12 08:52:00,110.0,00:01:50
45880,1,Inicio,2023-03-12 03:08:45,105.0,00:01:45
45880,1,Inicio,2023-03-12 08:53:50,155.0,00:02:35
45880,2,Medicion,2023-03-12 03:10:30,5875.0,01:37:55
45880,2,Medicion,2023-03-12 08:56:25,7145.0,01:59:05
45880,3,Recirculacion,2023-03-12 04:48:25,14615.0,04:03:35
45880,3,Recirculacion,2023-03-12 10:55:30,3535.0,00:58:55
45880,4,Global,2023-03-12 08:52:00,20595.0,05:43:15
45880,4,Global,2023-03-12 11:54:25,10835.0,03:00:35
45892,0,Operating,2023-03-12 01:58:50,4195.0,01:09:55
45892,0,Operating,2023-03-12 08:52:00,110.0,00:01:50
45892,1,Inicio,2023-03-12 03:08:45,105.0,00:01:45
45892,1,Inicio,2023-03-12 08:53:50,155.0,00:02:35
45892,2,Medicion,2023-03-12 03:10:30,5875.0,01:37:55
45892,2,Medicion,2023-03-12 08:56:25,7145.0,01:59:05
45892,3,Recirculacion,2023-03-12 04:48:25,14615.0,04:03:35
45892,3,Recirculacion,2023-03-12 10:55:30,3535.0,00:58:55
45892,4,Global,2023-03-12 08:52:00,20595.0,05:43:15
45892,4,Global,2023-03-12 11:54:25,10835.0,03:00:35
45911,0,Operating,2023-03-12 11:54:25,355.0,00:05:55
45911,1,Inicio,2023-03-12 12:00:20,775.0,00:12:55
45911,2,Medicion,2023-03-12 12:13:15,7970.0,02:12:50
45911,3,Recirculacion,2023-03-12 14:26:05,2695.0,00:44:55
45911,4,Global,2023-03-12 15:11:00,11440.0,03:10:40
45914,0,Operating,2023-03-12 15:11:00,150.0,00:02:30
45914,1,Inicio,2023-03-12 15:13:30,125.0,00:02:05
45914,2,Medicion,2023-03-12 15:15:35,5555.0,01:32:35
45914,3,Recirculacion,2023-03-12 16:48:10,4805.0,01:20:05
45914,4,Global,2023-03-12 18:08:15,10485.0,02:54:45
45920,0,Operating,2023-03-12 18:08:15,120.0,00:02:00
45920,1,Inicio,2023-03-12 18:10:15,150.0,00:02:30
45920,2,Medicion,2023-03-12 18:12:45,6900.0,01:55:00
45920,3,Recirculacion,2023-03-12 20:07:45,3165.0,00:52:45
45920,4,Global,2023-03-12 21:00:30,10215.0,02:50:15
45921,0,Operating,2023-03-12 21:00:30,180.0,00:03:00
45921,1,Inicio,2023-03-12 21:03:30,80.0,00:01:20
45921,2,Medicion,2023-03-12 21:04:50,13445.0,03:44:05
45921,3,Recirculacion,2023-03-13 00:48:55,5750.0,01:35:50
45921,4,Global,2023-03-13 02:24:45,19275.0,05:21:15
45935,0,Operating,2023-03-13 02:24:45,180.0,00:03:00
45935,1,Inicio,2023-03-13 02:27:45,75.0,00:01:15
45935,2,Medicion,2023-03-13 02:29:00,4615.0,01:16:55
45935,3,Recirculacion,2023-03-13 03:45:55,6160.0,01:42:40
45935,4,Global,2023-03-13 05:28:35,10850.0,03:00:50
45951,0,Operating,2023-03-13 05:28:35,160.0,00:02:40
45951,1,Inicio,2023-03-13 05:31:15,100.0,00:01:40
45951,2,Medicion,2023-03-13 05:32:55,5225.0,01:27:05
45951,3,Recirculacion,2023-03-13 07:00:00,3520.0,00:58:40
45951,4,Global,2023-03-13 07:58:40,8845.0,02:27:25
45958,0,Operating,2023-03-13 07:58:40,160.0,00:02:40
45958,1,Inicio,2023-03-13 08:01:20,105.0,00:01:45
45958,2,Medicion,2023-03-13 08:03:05,6550.0,01:49:10
45958,3,Recirculacion,2023-03-13 09:52:15,63385.0,17:36:25
45958,4,Global,2023-03-14 03:28:40,70040.0,19:27:20
45971,0,Operating,2023-03-14 03:28:40,1345.0,00:22:25
45971,1,Inicio,2023-03-14 03:51:05,110.0,00:01:50
45971,2,Medicion,2023-03-14 03:52:55,7260.0,02:01:00
45971,3,Recirculacion,2023-03-14 05:53:55,6395.0,01:46:35
45971,4,Global,2023-03-14 07:40:30,13765.0,03:49:25
46034,0,Operating,2023-03-14 07:40:30,1835.0,00:30:35
46034,1,Inicio,2023-03-14 08:11:05,70.0,00:01:10
46034,2,Medicion,2023-03-14 08:12:15,25.0,00:00:25
46034,3,Recirculacion,2023-03-14 08:12:40,4225.0,01:10:25
46034,4,Global,2023-03-14 09:23:05,4320.0,01:12:00
46049,0,Operating,2023-03-14 14:51:45,3130.0,00:52:10
46049,0,Operating,2023-03-15 13:18:15,105.0,00:01:45
46049,1,Inicio,2023-03-14 15:43:55,115.0,00:01:55
46049,1,Inicio,2023-03-15 13:20:00,160.0,00:02:40
46049,2,Medicion,2023-03-14 15:45:50,3915.0,01:05:15
46049,2,Medicion,2023-03-15 13:22:40,36785.0,10:13:05
46049,3,Recirculacion,2023-03-14 16:51:05,73630.0,20:27:10
46049,3,Recirculacion,2023-03-15 23:35:45,125.0,00:02:05
46049,4,Global,2023-03-15 13:18:15,77660.0,21:34:20
46049,4,Global,2023-03-15 23:37:50,37070.0,10:17:50
46057,0,Operating,2023-03-14 14:51:45,3130.0,00:52:10
46057,0,Operating,2023-03-15 13:18:15,105.0,00:01:45
46057,1,Inicio,2023-03-14 15:43:55,115.0,00:01:55
46057,1,Inicio,2023-03-15 13:20:00,160.0,00:02:40
46057,2,Medicion,2023-03-14 15:45:50,3915.0,01:05:15
46057,2,Medicion,2023-03-15 13:22:40,36785.0,10:13:05
46057,3,Recirculacion,2023-03-14 16:51:05,73630.0,20:27:10
46057,3,Recirculacion,2023-03-15 23:35:45,125.0,00:02:05
46057,4,Global,2023-03-15 13:18:15,77660.0,21:34:20
46057,4,Global,2023-03-15 23:37:50,37070.0,10:17:50
46118,0,Operating,2023-03-15 23:37:50,195.0,00:03:15
46118,1,Inicio,2023-03-15 23:41:05,65.0,00:01:05
46118,2,Medicion,2023-03-15 23:42:10,48505.0,13:28:25
46118,3,Recirculacion,2023-03-16 13:10:35,170.0,00:02:50
46118,4,Global,2023-03-16 13:13:25,48740.0,13:32:20
46138,0,Operating,2023-03-16 13:13:25,3235.0,00:53:55
46138,0,Operating,2023-03-16 20:45:30,15.0,00:00:15
46138,1,Inicio,2023-03-16 14:07:20,115.0,00:01:55
46138,1,Inicio,2023-03-16 20:45:45,310.0,00:05:10
46138,2,Medicion,2023-03-16 14:09:15,23765.0,06:36:05
46138,2,Medicion,2023-03-16 20:50:55,10340.0,02:52:20
46138,3,Recirculacion,2023-03-16 20:45:20,10.0,00:00:10
46138,3,Recirculacion,2023-03-16 23:43:15,59040.0,16:24:00
46138,4,Global,2023-03-16 20:45:30,23890.0,06:38:10
46138,4,Global,2023-03-17 16:07:15,69690.0,19:21:30
46182,0,Operating,2023-03-16 13:13:25,3235.0,00:53:55
46182,0,Operating,2023-03-16 20:45:30,15.0,00:00:15
46182,1,Inicio,2023-03-16 14:07:20,115.0,00:01:55
46182,1,Inicio,2023-03-16 20:45:45,310.0,00:05:10
46182,2,Medicion,2023-03-16 14:09:15,23765.0,06:36:05
46182,2,Medicion,2023-03-16 20:50:55,10340.0,02:52:20
46182,3,Recirculacion,2023-03-16 20:45:20,10.0,00:00:10
46182,3,Recirculacion,2023-03-16 23:43:15,59040.0,16:24:00
46182,4,Global,2023-03-16 20:45:30,23890.0,06:38:10
46182,4,Global,2023-03-17 16:07:15,69690.0,19:21:30
46198,0,Operating,2023-03-18 02:20:00,4135.0,01:08:55
46198,0,Operating,2023-03-18 06:36:40,325.0,00:05:25
46198,1,Inicio,2023-03-18 03:28:55,100.0,00:01:40
46198,1,Inicio,2023-03-18 06:42:05,140.0,00:02:20
46198,2,Medicion,2023-03-18 03:30:35,4085.0,01:08:05
46198,2,Medicion,2023-03-18 06:44:25,34165.0,09:29:25
46198,3,Recirculacion,2023-03-18 04:38:40,7080.0,01:58:00
46198,3,Recirculacion,2023-03-18 16:13:50,1155.0,00:19:15
46198,4,Global,2023-03-18 06:36:40,11265.0,03:07:45
46198,4,Global,2023-03-18 16:33:05,35460.0,09:51:00
46248,0,Operating,2023-03-17 21:31:35,3800.0,01:03:20
46248,1,Inicio,2023-03-17 22:34:55,10.0,00:00:10
46248,2,Medicion,2023-03-17 22:35:05,11645.0,03:14:05
46248,3,Recirculacion,2023-03-18 01:49:10,1850.0,00:30:50
46248,4,Global,2023-03-18 02:20:00,13505.0,03:45:05
46264,0,Operating,2023-03-18 02:20:00,4135.0,01:08:55
46264,0,Operating,2023-03-18 06:36:40,325.0,00:05:25
46264,1,Inicio,2023-03-18 03:28:55,100.0,00:01:40
46264,1,Inicio,2023-03-18 06:42:05,140.0,00:02:20
46264,2,Medicion,2023-03-18 03:30:35,4085.0,01:08:05
46264,2,Medicion,2023-03-18 06:44:25,34165.0,09:29:25
46264,3,Recirculacion,2023-03-18 04:38:40,7080.0,01:58:00
46264,3,Recirculacion,2023-03-18 16:13:50,1155.0,00:19:15
46264,4,Global,2023-03-18 06:36:40,11265.0,03:07:45
46264,4,Global,2023-03-18 16:33:05,35460.0,09:51:00
46299,0,Operating,2023-03-18 16:33:05,4110.0,01:08:30
46299,0,Operating,2023-03-19 02:32:45,13365.0,03:42:45
46299,1,Inicio,2023-03-18 17:41:35,95.0,00:01:35
46299,1,Inicio,2023-03-19 06:15:30,50.0,00:00:50
46299,2,Medicion,2023-03-18 17:43:10,21385.0,05:56:25
46299,3,Recirculacion,2023-03-18 23:39:35,10390.0,02:53:10
46299,4,Global,2023-03-19 02:32:45,31870.0,08:51:10
46299,4,Global,2023-03-19 06:40:05,1475.0,00:24:35
46347,0,Operating,2023-03-19 06:40:05,6830.0,01:53:50
46347,1,Inicio,2023-03-19 08:33:55,35.0,00:00:35
46347,2,Medicion,2023-03-19 08:34:30,14890.0,04:08:10
46347,3,Recirculacion,2023-03-19 12:42:40,135.0,00:02:15
46347,4,Global,2023-03-19 12:44:55,15060.0,04:11:00
46359,0,Operating,2023-03-19 12:44:55,2375.0,00:39:35
46359,0,Operating,2023-03-20 06:14:55,110.0,00:01:50
46359,1,Inicio,2023-03-19 13:24:30,10.0,00:00:10
46359,1,Inicio,2023-03-20 06:16:45,160.0,00:02:40
46359,2,Medicion,2023-03-19 13:24:40,39505.0,10:58:25
46359,2,Medicion,2023-03-20 06:19:25,10105.0,02:48:25
46359,3,Recirculacion,2023-03-20 00:23:05,21110.0,05:51:50
46359,3,Recirculacion,2023-03-20 09:07:50,135.0,00:02:15
46359,4,Global,2023-03-20 06:14:55,60625.0,16:50:25
46359,4,Global,2023-03-20 09:10:05,10400.0,02:53:20
46368,0,Operating,2023-03-19 12:44:55,2375.0,00:39:35
46368,0,Operating,2023-03-20 06:14:55,110.0,00:01:50
46368,1,Inicio,2023-03-19 13:24:30,10.0,00:00:10
46368,1,Inicio,2023-03-20 06:16:45,160.0,00:02:40
46368,2,Medicion,2023-03-19 13:24:40,39505.0,10:58:25
46368,2,Medicion,2023-03-20 06:19:25,10105.0,02:48:25
46368,3,Recirculacion,2023-03-20 00:23:05,21110.0,05:51:50
46368,3,Recirculacion,2023-03-20 09:07:50,135.0,00:02:15
46368,4,Global,2023-03-20 06:14:55,60625.0,16:50:25
46368,4,Global,2023-03-20 09:10:05,10400.0,02:53:20
46420,0,Operating,2023-03-20 09:10:05,1195.0,00:19:55
46420,0,Operating,2023-03-20 18:45:30,145.0,00:02:25
46420,1,Inicio,2023-03-20 09:30:00,105.0,00:01:45
46420,1,Inicio,2023-03-20 18:47:55,125.0,00:02:05
46420,2,Medicion,2023-03-20 09:31:45,33165.0,09:12:45
46420,2,Medicion,2023-03-20 18:50:00,60805.0,16:53:25
46420,3,Recirculacion,2023-03-20 18:44:30,60.0,00:01:00
46420,4,Global,2023-03-20 18:45:30,33330.0,09:15:30
46420,4,Global,2023-03-21 11:43:25,60930.0,16:55:30
46434,0,Operating,2023-03-20 09:10:05,1195.0,00:19:55
46434,0,Operating,2023-03-20 18:45:30,145.0,00:02:25
46434,1,Inicio,2023-03-20 09:30:00,105.0,00:01:45
46434,1,Inicio,2023-03-20 18:47:55,125.0,00:02:05
46434,2,Medicion,2023-03-20 09:31:45,33165.0,09:12:45
46434,2,Medicion,2023-03-20 18:50:00,60805.0,16:53:25
46434,3,Recirculacion,2023-03-20 18:44:30,60.0,00:01:00
46434,4,Global,2023-03-20 18:45:30,33330.0,09:15:30
46434,4,Global,2023-03-21 11:43:25,60930.0,16:55:30
46490,0,Operating,2023-03-21 11:43:25,135.0,00:02:15
46490,1,Inicio,2023-03-21 11:45:40,10.0,00:00:10
46490,2,Medicion,2023-03-21 11:45:50,38200.0,10:36:40
46490,3,Recirculacion,2023-03-21 22:22:30,15.0,00:00:15
46490,4,Global,2023-03-21 22:22:45,38225.0,10:37:05
46568,0,Operating,2023-03-21 22:22:45,580.0,00:09:40
46568,1,Inicio,2023-03-21 22:32:25,105.0,00:01:45
46568,2,Medicion,2023-03-21 22:34:10,26015.0,07:13:35
46568,3,Recirculacion,2023-03-22 05:47:45,1190.0,00:19:50
46568,4,Global,2023-03-22 06:07:35,27310.0,07:35:10
46619,0,Operating,2023-03-22 06:07:35,28500.0,07:55:00
46619,1,Inicio,2023-03-22 14:02:35,90.0,00:01:30
46619,2,Medicion,2023-03-22 14:04:05,45580.0,12:39:40
46619,3,Recirculacion,2023-03-23 02:43:45,10.0,00:00:10
46619,4,Global,2023-03-23 02:43:55,45680.0,12:41:20
46668,0,Operating,2023-03-23 02:43:55,4795.0,01:19:55
46668,0,Operating,2023-03-23 09:08:40,2110.0,00:35:10
46668,1,Inicio,2023-03-23 04:03:50,130.0,00:02:10
46668,1,Inicio,2023-03-23 09:43:50,160.0,00:02:40
46668,2,Medicion,2023-03-23 04:06:00,9760.0,02:42:40
46668,2,Medicion,2023-03-23 09:46:30,9355.0,02:35:55
46668,3,Recirculacion,2023-03-23 06:48:40,8400.0,02:20:00
46668,3,Recirculacion,2023-03-23 12:22:25,14740.0,04:05:40
46668,4,Global,2023-03-23 09:08:40,18290.0,05:04:50
46668,4,Global,2023-03-23 16:28:05,24255.0,06:44:15
46680,0,Operating,2023-03-25 19:30:25,240.0,00:04:00
46680,1,Inicio,2023-03-25 19:34:25,1590.0,00:26:30
46680,2,Medicion,2023-03-25 20:00:55,112475.0,31:14:35
46680,3,Recirculacion,2023-03-27 03:15:30,1310.0,00:21:50
46680,4,Global,2023-03-27 03:37:20,115375.0,32:02:55
46685,0,Operating,2023-03-23 02:43:55,4795.0,01:19:55
46685,0,Operating,2023-03-23 09:08:40,2110.0,00:35:10
46685,1,Inicio,2023-03-23 04:03:50,130.0,00:02:10
46685,1,Inicio,2023-03-23 09:43:50,160.0,00:02:40
46685,2,Medicion,2023-03-23 04:06:00,9760.0,02:42:40
46685,2,Medicion,2023-03-23 09:46:30,9355.0,02:35:55
46685,3,Recirculacion,2023-03-23 06:48:40,8400.0,02:20:00
46685,3,Recirculacion,2023-03-23 12:22:25,14740.0,04:05:40
46685,4,Global,2023-03-23 09:08:40,18290.0,05:04:50
46685,4,Global,2023-03-23 16:28:05,24255.0,06:44:15
46690,0,Operating,2023-03-23 16:28:05,180.0,00:03:00
46690,1,Inicio,2023-03-23 16:31:05,90.0,00:01:30
46690,2,Medicion,2023-03-23 16:32:35,9655.0,02:40:55
46690,3,Recirculacion,2023-03-23 19:13:30,10.0,00:00:10
46690,4,Global,2023-03-23 19:13:40,9755.0,02:42:35
46702,0,Operating,2023-03-23 19:13:40,225.0,00:03:45
46702,1,Inicio,2023-03-23 19:17:25,70.0,00:01:10
46702,2,Medicion,2023-03-23 19:18:35,8615.0,02:23:35
46702,3,Recirculacion,2023-03-23 21:42:10,2290.0,00:38:10
46702,4,Global,2023-03-23 22:20:20,10975.0,03:02:55
46720,0,Operating,2023-03-23 22:20:20,1820.0,00:30:20
46720,0,Operating,2023-03-24 01:50:15,220.0,00:03:40
46720,1,Inicio,2023-03-23 22:50:40,330.0,00:05:30
46720,1,Inicio,2023-03-24 01:53:55,160.0,00:02:40
46720,2,Medicion,2023-03-23 22:56:10,10295.0,02:51:35
46720,2,Medicion,2023-03-24 01:56:35,10735.0,02:58:55
46720,3,Recirculacion,2023-03-24 01:47:45,150.0,00:02:30
46720,3,Recirculacion,2023-03-24 04:55:30,2800.0,00:46:40
46720,4,Global,2023-03-24 01:50:15,10775.0,02:59:35
46720,4,Global,2023-03-24 05:42:10,13695.0,03:48:15
46731,0,Operating,2023-03-23 22:20:20,1820.0,00:30:20
46731,0,Operating,2023-03-24 01:50:15,220.0,00:03:40
46731,1,Inicio,2023-03-23 22:50:40,330.0,00:05:30
46731,1,Inicio,2023-03-24 01:53:55,160.0,00:02:40
46731,2,Medicion,2023-03-23 22:56:10,10295.0,02:51:35
46731,2,Medicion,2023-03-24 01:56:35,10735.0,02:58:55
46731,3,Recirculacion,2023-03-24 01:47:45,150.0,00:02:30
46731,3,Recirculacion,2023-03-24 04:55:30,2800.0,00:46:40
46731,4,Global,2023-03-24 01:50:15,10775.0,02:59:35
46731,4,Global,2023-03-24 05:42:10,13695.0,03:48:15
46742,0,Operating,2023-03-24 05:42:10,250.0,00:04:10
46742,1,Inicio,2023-03-24 05:46:20,100.0,00:01:40
46742,2,Medicion,2023-03-24 05:48:00,5885.0,01:38:05
46742,3,Recirculacion,2023-03-24 07:26:05,5170.0,01:26:10
46742,4,Global,2023-03-24 08:52:15,11155.0,03:05:55
46766,0,Operating,2023-03-24 08:52:15,2475.0,00:41:15
46766,0,Operating,2023-03-24 14:37:00,875.0,00:14:35
46766,1,Inicio,2023-03-24 09:33:30,135.0,00:02:15
46766,1,Inicio,2023-03-24 14:51:35,160.0,00:02:40
46766,2,Medicion,2023-03-24 09:35:45,16995.0,04:43:15
46766,2,Medicion,2023-03-24 14:54:15,4165.0,01:09:25
46766,3,Recirculacion,2023-03-24 14:19:00,1080.0,00:18:00
46766,3,Recirculacion,2023-03-24 16:03:40,3990.0,01:06:30
46766,4,Global,2023-03-24 14:37:00,18210.0,05:03:30
46766,4,Global,2023-03-24 17:10:10,8315.0,02:18:35
46791,0,Operating,2023-03-24 08:52:15,2475.0,00:41:15
46791,0,Operating,2023-03-24 14:37:00,875.0,00:14:35
46791,1,Inicio,2023-03-24 09:33:30,135.0,00:02:15
46791,1,Inicio,2023-03-24 14:51:35,160.0,00:02:40
46791,2,Medicion,2023-03-24 09:35:45,16995.0,04:43:15
46791,2,Medicion,2023-03-24 14:54:15,4165.0,01:09:25
46791,3,Recirculacion,2023-03-24 14:19:00,1080.0,00:18:00
46791,3,Recirculacion,2023-03-24 16:03:40,3990.0,01:06:30
46791,4,Global,2023-03-24 14:37:00,18210.0,05:03:30
46791,4,Global,2023-03-24 17:10:10,8315.0,02:18:35
46801,0,Operating,2023-03-24 17:10:10,6660.0,01:51:00
46801,0,Operating,2023-03-24 22:11:50,210.0,00:03:30
46801,1,Inicio,2023-03-24 19:01:10,765.0,00:12:45
46801,1,Inicio,2023-03-24 22:15:20,110.0,00:01:50
46801,2,Medicion,2023-03-24 19:13:55,6710.0,01:51:50
46801,2,Medicion,2023-03-24 22:17:10,6935.0,01:55:35
46801,3,Recirculacion,2023-03-24 21:05:45,3965.0,01:06:05
46801,3,Recirculacion,2023-03-25 00:12:45,5580.0,01:33:00
46801,4,Global,2023-03-24 22:11:50,11440.0,03:10:40
46801,4,Global,2023-03-25 01:45:45,12625.0,03:30:25
46816,0,Operating,2023-03-24 17:10:10,6660.0,01:51:00
46816,0,Operating,2023-03-24 22:11:50,210.0,00:03:30
46816,1,Inicio,2023-03-24 19:01:10,765.0,00:12:45
46816,1,Inicio,2023-03-24 22:15:20,110.0,00:01:50
46816,2,Medicion,2023-03-24 19:13:55,6710.0,01:51:50
46816,2,Medicion,2023-03-24 22:17:10,6935.0,01:55:35
46816,3,Recirculacion,2023-03-24 21:05:45,3965.0,01:06:05
46816,3,Recirculacion,2023-03-25 00:12:45,5580.0,01:33:00
46816,4,Global,2023-03-24 22:11:50,11440.0,03:10:40
46816,4,Global,2023-03-25 01:45:45,12625.0,03:30:25
46822,0,Operating,2023-03-25 01:45:45,150.0,00:02:30
46822,1,Inicio,2023-03-25 01:48:15,125.0,00:02:05
46822,2,Medicion,2023-03-25 01:50:20,4820.0,01:20:20
46822,3,Recirculacion,2023-03-25 03:10:40,2780.0,00:46:20
46822,4,Global,2023-03-25 03:57:00,7725.0,02:08:45
46828,0,Operating,2023-03-25 03:57:00,250.0,00:04:10
46828,1,Inicio,2023-03-25 04:01:10,115.0,00:01:55
46828,2,Medicion,2023-03-25 04:03:05,13515.0,03:45:15
46828,3,Recirculacion,2023-03-25 07:48:20,3315.0,00:55:15
46828,4,Global,2023-03-25 08:43:35,16945.0,04:42:25
46842,0,Operating,2023-03-25 08:43:35,360.0,00:06:00
46842,1,Inicio,2023-03-25 08:49:35,80.0,00:01:20
46842,2,Medicion,2023-03-25 08:50:55,9175.0,02:32:55
46842,3,Recirculacion,2023-03-25 11:23:50,13255.0,03:40:55
46842,4,Global,2023-03-25 15:04:45,22510.0,06:15:10
46871,0,Operating,2023-03-25 15:04:45,155.0,00:02:35
46871,1,Inicio,2023-03-25 15:07:20,130.0,00:02:10
46871,2,Medicion,2023-03-25 15:09:30,12110.0,03:21:50
46871,3,Recirculacion,2023-03-25 18:31:20,3545.0,00:59:05
46871,4,Global,2023-03-25 19:30:25,15785.0,04:23:05
46895,0,Operating,2023-03-27 03:37:20,8835.0,02:27:15
46895,1,Inicio,2023-03-27 06:04:35,105.0,00:01:45
46895,2,Medicion,2023-03-27 06:06:20,8315.0,02:18:35
46895,3,Recirculacion,2023-03-27 08:24:55,245.0,00:04:05
46895,4,Global,2023-03-27 08:29:00,8665.0,02:24:25
46898,0,Operating,2023-03-27 08:29:00,9165.0,02:32:45
46898,0,Operating,2023-03-27 16:36:00,0.0,00:00:00
46898,1,Inicio,2023-03-27 11:01:45,140.0,00:02:20
46898,1,Inicio,2023-03-27 16:36:00,10.0,00:00:10
46898,2,Medicion,2023-03-27 11:04:05,32325.0,08:58:45
46898,2,Medicion,2023-03-27 16:36:10,12400.0,03:26:40
46898,3,Recirculacion,2023-03-27 20:02:50,125.0,00:02:05
46898,4,Global,2023-03-27 16:36:00,20055.0,05:34:15
46898,4,Global,2023-03-27 20:04:55,12535.0,03:28:55
46956,0,Operating,2023-03-27 08:29:00,9165.0,02:32:45
46956,0,Operating,2023-03-27 16:36:00,0.0,00:00:00
46956,1,Inicio,2023-03-27 11:01:45,140.0,00:02:20
46956,1,Inicio,2023-03-27 16:36:00,10.0,00:00:10
46956,2,Medicion,2023-03-27 11:04:05,32325.0,08:58:45
46956,2,Medicion,2023-03-27 16:36:10,12400.0,03:26:40
46956,3,Recirculacion,2023-03-27 20:02:50,125.0,00:02:05
46956,4,Global,2023-03-27 16:36:00,20055.0,05:34:15
46956,4,Global,2023-03-27 20:04:55,12535.0,03:28:55
46977,0,Operating,2023-03-27 20:04:55,145.0,00:02:25
46977,1,Inicio,2023-03-27 20:07:20,130.0,00:02:10
46977,2,Medicion,2023-03-27 20:09:30,8375.0,02:19:35
46977,3,Recirculacion,2023-03-27 22:29:05,80.0,00:01:20
46977,4,Global,2023-03-27 22:30:25,8585.0,02:23:05
46986,0,Operating,2023-03-27 22:30:25,160.0,00:02:40
46986,1,Inicio,2023-03-27 22:33:05,110.0,00:01:50
46986,2,Medicion,2023-03-27 22:34:55,13220.0,03:40:20
46986,3,Recirculacion,2023-03-28 02:15:15,10.0,00:00:10
46986,4,Global,2023-03-28 02:15:25,13340.0,03:42:20
47002,0,Operating,2023-03-28 02:15:25,450.0,00:07:30
47002,1,Inicio,2023-03-28 02:22:55,95.0,00:01:35
47002,2,Medicion,2023-03-28 02:24:30,7850.0,02:10:50
47002,3,Recirculacion,2023-03-28 04:35:20,60.0,00:01:00
47002,4,Global,2023-03-28 04:36:20,8005.0,02:13:25
47014,0,Operating,2023-03-28 04:36:20,155.0,00:02:35
47014,1,Inicio,2023-03-28 04:38:55,110.0,00:01:50
47014,2,Medicion,2023-03-28 04:40:45,7775.0,02:09:35
47014,3,Recirculacion,2023-03-28 06:50:20,65.0,00:01:05
47014,4,Global,2023-03-28 06:51:25,7950.0,02:12:30
47020,0,Operating,2023-03-28 06:51:25,170.0,00:02:50
47020,1,Inicio,2023-03-28 06:54:15,105.0,00:01:45
47020,2,Medicion,2023-03-28 06:56:00,7120.0,01:58:40
47020,3,Recirculacion,2023-03-28 08:54:40,75.0,00:01:15
47020,4,Global,2023-03-28 08:55:55,7300.0,02:01:40
47030,0,Operating,2023-03-28 08:55:55,1025.0,00:17:05
47030,1,Inicio,2023-03-28 09:13:00,130.0,00:02:10
47030,2,Medicion,2023-03-28 09:15:10,18580.0,05:09:40
47030,3,Recirculacion,2023-03-28 14:24:50,110.0,00:01:50
47030,4,Global,2023-03-28 14:26:40,18820.0,05:13:40
47036,0,Operating,2023-03-28 14:26:40,160.0,00:02:40
47036,1,Inicio,2023-03-28 14:29:20,120.0,00:02:00
47036,2,Medicion,2023-03-28 14:31:20,8785.0,02:26:25
47036,3,Recirculacion,2023-03-28 16:57:45,20.0,00:00:20
47036,4,Global,2023-03-28 16:58:05,8925.0,02:28:45
47057,0,Operating,2023-03-28 16:58:05,170.0,00:02:50
47057,1,Inicio,2023-03-28 17:00:55,105.0,00:01:45
47057,2,Medicion,2023-03-28 17:02:40,11475.0,03:11:15
47057,3,Recirculacion,2023-03-28 20:13:55,1360.0,00:22:40
47057,4,Global,2023-03-28 20:36:35,12940.0,03:35:40
47070,0,Operating,2023-03-28 20:36:35,155.0,00:02:35
47070,1,Inicio,2023-03-28 20:39:10,115.0,00:01:55
47070,2,Medicion,2023-03-28 20:41:05,7970.0,02:12:50
47070,3,Recirculacion,2023-03-28 22:53:55,55.0,00:00:55
47070,4,Global,2023-03-28 22:54:50,8140.0,02:15:40
47075,0,Operating,2023-03-28 22:54:50,895.0,00:14:55
47075,1,Inicio,2023-03-28 23:09:45,110.0,00:01:50
47075,2,Medicion,2023-03-28 23:11:35,13260.0,03:41:00
47075,3,Recirculacion,2023-03-29 02:52:35,5070.0,01:24:30
47075,4,Global,2023-03-29 04:17:05,18440.0,05:07:20
47147,0,Operating,2023-03-29 16:40:25,7780.0,02:09:40
47147,0,Operating,2023-03-29 22:13:05,110.0,00:01:50
47147,1,Inicio,2023-03-29 18:50:05,155.0,00:02:35
47147,1,Inicio,2023-03-29 22:14:55,150.0,00:02:30
47147,2,Medicion,2023-03-29 18:52:40,11900.0,03:18:20
47147,2,Medicion,2023-03-29 22:17:25,13025.0,03:37:05
47147,3,Recirculacion,2023-03-29 22:11:00,125.0,00:02:05
47147,3,Recirculacion,2023-03-30 01:54:30,80.0,00:01:20
47147,4,Global,2023-03-29 22:13:05,12180.0,03:23:00
47147,4,Global,2023-03-30 01:55:50,13255.0,03:40:55
47151,0,Operating,2023-03-29 16:40:25,7780.0,02:09:40
47151,0,Operating,2023-03-29 22:13:05,110.0,00:01:50
47151,1,Inicio,2023-03-29 18:50:05,155.0,00:02:35
47151,1,Inicio,2023-03-29 22:14:55,150.0,00:02:30
47151,2,Medicion,2023-03-29 18:52:40,11900.0,03:18:20
47151,2,Medicion,2023-03-29 22:17:25,13025.0,03:37:05
47151,3,Recirculacion,2023-03-29 22:11:00,125.0,00:02:05
47151,3,Recirculacion,2023-03-30 01:54:30,80.0,00:01:20
47151,4,Global,2023-03-29 22:13:05,12180.0,03:23:00
47151,4,Global,2023-03-30 01:55:50,13255.0,03:40:55
47156,0,Operating,2023-03-30 01:55:50,6480.0,01:48:00
47156,0,Operating,2023-03-30 07:04:10,490.0,00:08:10
47156,1,Inicio,2023-03-30 03:43:50,105.0,00:01:45
47156,1,Inicio,2023-03-30 07:12:20,100.0,00:01:40
47156,2,Medicion,2023-03-30 03:45:35,11840.0,03:17:20
47156,2,Medicion,2023-03-30 07:14:00,12860.0,03:34:20
47156,3,Recirculacion,2023-03-30 07:02:55,75.0,00:01:15
47156,3,Recirculacion,2023-03-30 10:48:20,110.0,00:01:50
47156,4,Global,2023-03-30 07:04:10,12020.0,03:20:20
47156,4,Global,2023-03-30 10:50:10,13070.0,03:37:50
47169,0,Operating,2023-03-30 01:55:50,6480.0,01:48:00
47169,0,Operating,2023-03-30 07:04:10,490.0,00:08:10
47169,1,Inicio,2023-03-30 03:43:50,105.0,00:01:45
47169,1,Inicio,2023-03-30 07:12:20,100.0,00:01:40
47169,2,Medicion,2023-03-30 03:45:35,11840.0,03:17:20
47169,2,Medicion,2023-03-30 07:14:00,12860.0,03:34:20
47169,3,Recirculacion,2023-03-30 07:02:55,75.0,00:01:15
47169,3,Recirculacion,2023-03-30 10:48:20,110.0,00:01:50
47169,4,Global,2023-03-30 07:04:10,12020.0,03:20:20
47169,4,Global,2023-03-30 10:50:10,13070.0,03:37:50
47184,0,Operating,2023-03-30 10:50:10,5170.0,01:26:10
47184,0,Operating,2023-03-30 14:29:55,0.0,00:00:00
47184,1,Inicio,2023-03-30 12:16:20,120.0,00:02:00
47184,1,Inicio,2023-03-30 14:29:55,150.0,00:02:30
47184,2,Medicion,2023-03-30 12:18:20,7895.0,02:11:35
47184,2,Medicion,2023-03-30 14:32:25,28750.0,07:59:10
47184,3,Recirculacion,2023-03-30 22:31:35,20.0,00:00:20
47184,4,Global,2023-03-30 14:29:55,8015.0,02:13:35
47184,4,Global,2023-03-30 22:31:55,28920.0,08:02:00
47196,0,Operating,2023-03-30 10:50:10,5170.0,01:26:10
47196,0,Operating,2023-03-30 14:29:55,0.0,00:00:00
47196,1,Inicio,2023-03-30 12:16:20,120.0,00:02:00
47196,1,Inicio,2023-03-30 14:29:55,150.0,00:02:30
47196,2,Medicion,2023-03-30 12:18:20,7895.0,02:11:35
47196,2,Medicion,2023-03-30 14:32:25,28750.0,07:59:10
47196,3,Recirculacion,2023-03-30 22:31:35,20.0,00:00:20
47196,4,Global,2023-03-30 14:29:55,8015.0,02:13:35
47196,4,Global,2023-03-30 22:31:55,28920.0,08:02:00
47204,0,Operating,2023-03-30 22:31:55,150.0,00:02:30
47204,1,Inicio,2023-03-30 22:34:25,120.0,00:02:00
47204,2,Medicion,2023-03-30 22:36:25,11535.0,03:12:15
47204,3,Recirculacion,2023-03-31 01:48:40,3290.0,00:54:50
47204,4,Global,2023-03-31 02:43:30,14945.0,04:09:05
47238,0,Operating,2023-03-31 02:43:30,2330.0,00:38:50
47238,0,Operating,2023-03-31 06:29:15,1945.0,00:32:25
47238,1,Inicio,2023-03-31 03:22:20,80.0,00:01:20
47238,1,Inicio,2023-03-31 07:01:40,160.0,00:02:40
47238,2,Medicion,2023-03-31 03:23:40,10960.0,03:02:40
47238,2,Medicion,2023-03-31 07:04:20,12915.0,03:35:15
47238,3,Recirculacion,2023-03-31 06:26:20,175.0,00:02:55
47238,3,Recirculacion,2023-03-31 10:39:35,3265.0,00:54:25
47238,4,Global,2023-03-31 06:29:15,11215.0,03:06:55
47238,4,Global,2023-03-31 11:34:00,16340.0,04:32:20
47253,0,Operating,2023-03-31 02:43:30,2330.0,00:38:50
47253,0,Operating,2023-03-31 06:29:15,1945.0,00:32:25
47253,1,Inicio,2023-03-31 03:22:20,80.0,00:01:20
47253,1,Inicio,2023-03-31 07:01:40,160.0,00:02:40
47253,2,Medicion,2023-03-31 03:23:40,10960.0,03:02:40
47253,2,Medicion,2023-03-31 07:04:20,12915.0,03:35:15
47253,3,Recirculacion,2023-03-31 06:26:20,175.0,00:02:55
47253,3,Recirculacion,2023-03-31 10:39:35,3265.0,00:54:25
47253,4,Global,2023-03-31 06:29:15,11215.0,03:06:55
47253,4,Global,2023-03-31 11:34:00,16340.0,04:32:20
47268,0,Operating,2023-03-31 11:34:00,155.0,00:02:35
47268,1,Inicio,2023-03-31 11:36:35,115.0,00:01:55
47268,2,Medicion,2023-03-31 11:38:30,10120.0,02:48:40
47268,3,Recirculacion,2023-03-31 14:27:10,310.0,00:05:10
47268,4,Global,2023-03-31 14:32:20,10545.0,02:55:45
